matchup,game_id,seed,alpha_zero_side,opponent,winner,result_from_alpha_zero_perspective,move_count,alpha_zero_decision_time,opponent_decision_time
AlphaZeroAgent vs RandomAgent,0,20260923,red,RandomAgent,AlphaZeroAgent,1,7,0.4943144999706419,1.0299991117790341e-05
AlphaZeroAgent vs RandomAgent,1,20260924,red,RandomAgent,AlphaZeroAgent,1,9,0.3953822999901604,1.0299991117790341e-05
AlphaZeroAgent vs RandomAgent,2,20260925,red,RandomAgent,AlphaZeroAgent,1,21,0.9204198999796063,2.8299997211433947e-05
AlphaZeroAgent vs RandomAgent,3,20260926,red,RandomAgent,AlphaZeroAgent,1,7,0.3222844999982044,6.799993570894003e-06
AlphaZeroAgent vs RandomAgent,4,20260927,red,RandomAgent,AlphaZeroAgent,1,11,0.48753909998049494,1.1499985703267157e-05
AlphaZeroAgent vs RandomAgent,5,20260928,red,RandomAgent,AlphaZeroAgent,1,23,0.9910053999774391,2.6299981982447207e-05
AlphaZeroAgent vs RandomAgent,6,20260929,red,RandomAgent,AlphaZeroAgent,1,11,0.4980030999868177,1.200000406242907e-05
AlphaZeroAgent vs RandomAgent,7,20260930,red,RandomAgent,AlphaZeroAgent,1,21,0.8878510999784339,2.820001100189984e-05
AlphaZeroAgent vs RandomAgent,8,20260931,red,RandomAgent,AlphaZeroAgent,1,11,0.49175430000468623,1.2800010154023767e-05
AlphaZeroAgent vs RandomAgent,9,20260932,red,RandomAgent,AlphaZeroAgent,1,7,0.32685360001050867,8.500006515532732e-06
AlphaZeroAgent vs RandomAgent,10,20260933,red,RandomAgent,AlphaZeroAgent,1,13,0.5969734999962384,1.790000533219427e-05
AlphaZeroAgent vs RandomAgent,11,20260934,red,RandomAgent,AlphaZeroAgent,1,7,0.33157959999516606,9.800016414374113e-06
AlphaZeroAgent vs RandomAgent,12,20260935,red,RandomAgent,AlphaZeroAgent,1,7,0.32839889999013394,2.680000034160912e-05
AlphaZeroAgent vs RandomAgent,13,20260936,red,RandomAgent,AlphaZeroAgent,1,29,1.2146070000017062,3.76999523723498e-05
AlphaZeroAgent vs RandomAgent,14,20260937,red,RandomAgent,AlphaZeroAgent,1,13,0.5988873999885982,1.6600024537183344e-05
AlphaZeroAgent vs RandomAgent,15,20260938,red,RandomAgent,AlphaZeroAgent,1,7,0.337742600007914,9.300012607127428e-06
AlphaZeroAgent vs RandomAgent,16,20260939,red,RandomAgent,AlphaZeroAgent,1,11,0.5131684000079986,1.2899981811642647e-05
AlphaZeroAgent vs RandomAgent,17,20260940,red,RandomAgent,AlphaZeroAgent,1,7,0.32838839999749325,6.999995093792677e-06
AlphaZeroAgent vs RandomAgent,18,20260941,red,RandomAgent,AlphaZeroAgent,1,9,0.43857679997745436,1.0200019460171461e-05
AlphaZeroAgent vs RandomAgent,19,20260942,red,RandomAgent,RandomAgent,-1,12,0.514173599993228,1.5299985534511507e-05
AlphaZeroAgent vs RandomAgent,20,20260943,red,RandomAgent,AlphaZeroAgent,1,7,0.34190850000595674,8.300004992634058e-06
AlphaZeroAgent vs RandomAgent,21,20260944,red,RandomAgent,AlphaZeroAgent,1,33,1.3363758999475976,3.740003739949316e-05
AlphaZeroAgent vs RandomAgent,22,20260945,red,RandomAgent,AlphaZeroAgent,1,7,0.3410911000100896,6.800008122809231e-06
AlphaZeroAgent vs RandomAgent,23,20260946,red,RandomAgent,AlphaZeroAgent,1,11,0.5061947999929544,1.3700002455152571e-05
AlphaZeroAgent vs RandomAgent,24,20260947,red,RandomAgent,AlphaZeroAgent,1,7,0.33672990000923164,8.500006515532732e-06
AlphaZeroAgent vs RandomAgent,25,20260948,red,RandomAgent,AlphaZeroAgent,1,11,0.5030565000051865,1.4699995517730713e-05
AlphaZeroAgent vs RandomAgent,26,20260949,red,RandomAgent,AlphaZeroAgent,1,7,0.3408130000025267,8.600007276982069e-06
AlphaZeroAgent vs RandomAgent,27,20260950,red,RandomAgent,AlphaZeroAgent,1,11,0.5125405000289902,1.4199991710484028e-05
AlphaZeroAgent vs RandomAgent,28,20260951,red,RandomAgent,AlphaZeroAgent,1,15,0.6803231999947457,1.859998155850917e-05
AlphaZeroAgent vs RandomAgent,29,20260952,red,RandomAgent,AlphaZeroAgent,1,7,0.3331227999879047,9.60000033956021e-06
AlphaZeroAgent vs RandomAgent,30,20260953,red,RandomAgent,AlphaZeroAgent,1,9,0.43479369999840856,1.0299991117790341e-05
AlphaZeroAgent vs RandomAgent,31,20260954,red,RandomAgent,AlphaZeroAgent,1,27,1.165404799990938,3.470000228844583e-05
AlphaZeroAgent vs RandomAgent,32,20260955,red,RandomAgent,AlphaZeroAgent,1,7,0.3342191000119783,9.399984264746308e-06
AlphaZeroAgent vs RandomAgent,33,20260956,red,RandomAgent,AlphaZeroAgent,1,7,0.32554889998573344,7.90000194683671e-06
AlphaZeroAgent vs RandomAgent,34,20260957,red,RandomAgent,AlphaZeroAgent,1,21,0.9443811000091955,3.0700015486218035e-05
AlphaZeroAgent vs RandomAgent,35,20260958,red,RandomAgent,AlphaZeroAgent,1,7,0.3378882999968482,8.59999272506684e-06
AlphaZeroAgent vs RandomAgent,36,20260959,red,RandomAgent,AlphaZeroAgent,1,7,0.3273767000064254,7.50001345295459e-06
AlphaZeroAgent vs RandomAgent,37,20260960,red,RandomAgent,AlphaZeroAgent,1,7,0.331020500001614,8.699993486516178e-06
AlphaZeroAgent vs RandomAgent,38,20260961,red,RandomAgent,AlphaZeroAgent,1,7,0.3263118000031682,9.000010322779417e-06
AlphaZeroAgent vs RandomAgent,39,20260962,red,RandomAgent,AlphaZeroAgent,1,9,0.4192594000051031,1.069999416358769e-05
AlphaZeroAgent vs RandomAgent,40,20260963,red,RandomAgent,AlphaZeroAgent,1,9,0.4287490999995498,1.0899981134571135e-05
AlphaZeroAgent vs RandomAgent,41,20260964,red,RandomAgent,AlphaZeroAgent,1,7,0.3286251999816159,9.700001101009548e-06
AlphaZeroAgent vs RandomAgent,42,20260965,red,RandomAgent,AlphaZeroAgent,1,17,0.7439893999835476,2.2500011255033314e-05
AlphaZeroAgent vs RandomAgent,43,20260966,red,RandomAgent,AlphaZeroAgent,1,17,0.7248549999931129,2.1799991372972727e-05
AlphaZeroAgent vs RandomAgent,44,20260967,red,RandomAgent,AlphaZeroAgent,1,7,0.33812709999619983,1.0099989594891667e-05
AlphaZeroAgent vs RandomAgent,45,20260968,red,RandomAgent,AlphaZeroAgent,1,7,0.3278569000103744,1.3500000932253897e-05
AlphaZeroAgent vs RandomAgent,46,20260969,red,RandomAgent,AlphaZeroAgent,1,7,0.3328769999789074,8.59999272506684e-06
AlphaZeroAgent vs RandomAgent,47,20260970,red,RandomAgent,AlphaZeroAgent,1,13,0.6129802000068594,2.0199993741698563e-05
AlphaZeroAgent vs RandomAgent,48,20260971,red,RandomAgent,AlphaZeroAgent,1,19,0.8132770000083838,2.8599999495781958e-05
AlphaZeroAgent vs RandomAgent,49,20260972,red,RandomAgent,AlphaZeroAgent,1,21,1.4083042999991449,4.05999890062958e-05
AlphaZeroAgent vs RandomAgent,50,20260973,yellow,RandomAgent,AlphaZeroAgent,1,24,2.125056899996707,5.189997318666428e-05
AlphaZeroAgent vs RandomAgent,51,20260974,yellow,RandomAgent,AlphaZeroAgent,1,18,1.4433118000015384,4.3100008042529225e-05
AlphaZeroAgent vs RandomAgent,52,20260975,yellow,RandomAgent,AlphaZeroAgent,1,10,0.8631299999979092,2.339998900424689e-05
AlphaZeroAgent vs RandomAgent,53,20260976,yellow,RandomAgent,AlphaZeroAgent,1,20,1.6127674000163097,4.600001557264477e-05
AlphaZeroAgent vs RandomAgent,54,20260977,yellow,RandomAgent,AlphaZeroAgent,1,8,0.6561677000136115,2.1099986042827368e-05
AlphaZeroAgent vs RandomAgent,55,20260978,yellow,RandomAgent,AlphaZeroAgent,1,8,0.6728797999967355,1.820000761654228e-05
AlphaZeroAgent vs RandomAgent,56,20260979,yellow,RandomAgent,AlphaZeroAgent,1,10,0.8020437999948626,2.409997978247702e-05
AlphaZeroAgent vs RandomAgent,57,20260980,yellow,RandomAgent,AlphaZeroAgent,1,20,1.557638499973109,4.449998959898949e-05
AlphaZeroAgent vs RandomAgent,58,20260981,yellow,RandomAgent,AlphaZeroAgent,1,12,0.9892164000048069,2.680000034160912e-05
AlphaZeroAgent vs RandomAgent,59,20260982,yellow,RandomAgent,AlphaZeroAgent,1,10,0.8457361999899149,2.2100008209235966e-05
AlphaZeroAgent vs RandomAgent,60,20260983,yellow,RandomAgent,AlphaZeroAgent,1,12,1.0324708999978611,2.680001489352435e-05
AlphaZeroAgent vs RandomAgent,61,20260984,yellow,RandomAgent,AlphaZeroAgent,1,8,0.6682432999950834,1.9400002202019095e-05
AlphaZeroAgent vs RandomAgent,62,20260985,yellow,RandomAgent,AlphaZeroAgent,1,14,1.2150936999969417,3.480000304989517e-05
AlphaZeroAgent vs RandomAgent,63,20260986,yellow,RandomAgent,AlphaZeroAgent,1,8,0.6395289000211051,1.9099999917671084e-05
AlphaZeroAgent vs RandomAgent,64,20260987,yellow,RandomAgent,AlphaZeroAgent,1,14,1.2199447999882977,3.0499999411404133e-05
AlphaZeroAgent vs RandomAgent,65,20260988,yellow,RandomAgent,AlphaZeroAgent,1,18,1.420078300012392,4.139998054597527e-05
AlphaZeroAgent vs RandomAgent,66,20260989,yellow,RandomAgent,AlphaZeroAgent,1,8,0.6658513000002131,1.9500002963468432e-05
AlphaZeroAgent vs RandomAgent,67,20260990,yellow,RandomAgent,AlphaZeroAgent,1,30,2.5799396999791497,6.710001616738737e-05
AlphaZeroAgent vs RandomAgent,68,20260991,yellow,RandomAgent,AlphaZeroAgent,1,28,2.3097295999905327,6.10999995842576e-05
AlphaZeroAgent vs RandomAgent,69,20260992,yellow,RandomAgent,AlphaZeroAgent,1,10,0.8614446999708889,2.2700012777931988e-05
AlphaZeroAgent vs RandomAgent,70,20260993,yellow,RandomAgent,AlphaZeroAgent,1,8,0.6318989999854239,1.8999999156221747e-05
AlphaZeroAgent vs RandomAgent,71,20260994,yellow,RandomAgent,AlphaZeroAgent,1,8,0.3440064000169514,1.2200020137242973e-05
AlphaZeroAgent vs RandomAgent,72,20260995,yellow,RandomAgent,AlphaZeroAgent,1,10,0.42793509998591617,1.5000012353993952e-05
AlphaZeroAgent vs RandomAgent,73,20260996,yellow,RandomAgent,AlphaZeroAgent,1,12,0.5112093000061577,1.6500023775734007e-05
AlphaZeroAgent vs RandomAgent,74,20260997,yellow,RandomAgent,AlphaZeroAgent,1,8,0.32186020001245197,1.2300006346777081e-05
AlphaZeroAgent vs RandomAgent,75,20260998,yellow,RandomAgent,AlphaZeroAgent,1,18,0.7663778999994975,2.619998122099787e-05
AlphaZeroAgent vs RandomAgent,76,20260999,yellow,RandomAgent,AlphaZeroAgent,1,8,0.33246130001498386,1.3199998647905886e-05
AlphaZeroAgent vs RandomAgent,77,20261000,yellow,RandomAgent,AlphaZeroAgent,1,12,0.5259998999972595,1.9499988411553204e-05
AlphaZeroAgent vs RandomAgent,78,20261001,yellow,RandomAgent,AlphaZeroAgent,1,10,0.4314848000067286,1.5299985534511507e-05
AlphaZeroAgent vs RandomAgent,79,20261002,yellow,RandomAgent,AlphaZeroAgent,1,8,0.3261969000013778,1.3299999409355223e-05
AlphaZeroAgent vs RandomAgent,80,20261003,yellow,RandomAgent,AlphaZeroAgent,1,14,0.6111984999879496,2.3200002033263445e-05
AlphaZeroAgent vs RandomAgent,81,20261004,yellow,RandomAgent,AlphaZeroAgent,1,20,0.8606978000170784,2.689998655114323e-05
AlphaZeroAgent vs RandomAgent,82,20261005,yellow,RandomAgent,AlphaZeroAgent,1,14,0.5965638000052422,2.3299988242797554e-05
AlphaZeroAgent vs RandomAgent,83,20261006,yellow,RandomAgent,AlphaZeroAgent,1,20,0.8099772999848938,2.7799993404187262e-05
AlphaZeroAgent vs RandomAgent,84,20261007,yellow,RandomAgent,AlphaZeroAgent,1,8,0.33680700001423247,1.2099990271963179e-05
AlphaZeroAgent vs RandomAgent,85,20261008,yellow,RandomAgent,AlphaZeroAgent,1,10,0.4068264000234194,1.5900033758953214e-05
AlphaZeroAgent vs RandomAgent,86,20261009,yellow,RandomAgent,AlphaZeroAgent,1,32,1.2127726999751758,4.040001658722758e-05
AlphaZeroAgent vs RandomAgent,87,20261010,yellow,RandomAgent,AlphaZeroAgent,1,16,0.6990800000057789,2.5300003471784294e-05
AlphaZeroAgent vs RandomAgent,88,20261011,yellow,RandomAgent,AlphaZeroAgent,1,12,0.5164317999879131,1.8799983081407845e-05
AlphaZeroAgent vs RandomAgent,89,20261012,yellow,RandomAgent,AlphaZeroAgent,1,8,0.3287667000113288,1.270000939257443e-05
AlphaZeroAgent vs RandomAgent,90,20261013,yellow,RandomAgent,AlphaZeroAgent,1,12,0.5033374999766238,1.7400001524947584e-05
AlphaZeroAgent vs RandomAgent,91,20261014,yellow,RandomAgent,AlphaZeroAgent,1,8,0.3359603000280913,1.4600009308196604e-05
AlphaZeroAgent vs RandomAgent,92,20261015,yellow,RandomAgent,AlphaZeroAgent,1,22,0.9003596000256948,3.509997623041272e-05
AlphaZeroAgent vs RandomAgent,93,20261016,yellow,RandomAgent,AlphaZeroAgent,1,8,0.33392770000500605,1.7499987734481692e-05
AlphaZeroAgent vs RandomAgent,94,20261017,yellow,RandomAgent,AlphaZeroAgent,1,8,0.3320710000116378,1.4800010831095278e-05
AlphaZeroAgent vs RandomAgent,95,20261018,yellow,RandomAgent,AlphaZeroAgent,1,24,0.9409204999828944,3.679997462313622e-05
AlphaZeroAgent vs RandomAgent,96,20261019,yellow,RandomAgent,AlphaZeroAgent,1,34,1.36311999996542,5.099998088553548e-05
AlphaZeroAgent vs RandomAgent,97,20261020,yellow,RandomAgent,AlphaZeroAgent,1,8,0.33039560000179335,1.3800003216601908e-05
AlphaZeroAgent vs RandomAgent,98,20261021,yellow,RandomAgent,AlphaZeroAgent,1,8,0.3371047999971779,1.2299991794861853e-05
AlphaZeroAgent vs RandomAgent,99,20261022,yellow,RandomAgent,AlphaZeroAgent,1,10,0.4370896000036737,1.5600002370774746e-05
AlphaZeroAgent vs RuleBasedThink3Agent,0,20360923,red,RuleBasedThink3Agent,RuleBasedThink3Agent,-1,24,1.0303266000264557,0.29303190000064205
AlphaZeroAgent vs RuleBasedThink3Agent,1,20360924,red,RuleBasedThink3Agent,AlphaZeroAgent,1,25,1.1262625000090338,0.24913219998416025
AlphaZeroAgent vs RuleBasedThink3Agent,2,20360925,red,RuleBasedThink3Agent,RuleBasedThink3Agent,-1,10,0.4588041999959387,0.07384099997580051
AlphaZeroAgent vs RuleBasedThink3Agent,3,20360926,red,RuleBasedThink3Agent,RuleBasedThink3Agent,-1,20,0.8614126000029501,0.2539779999788152
AlphaZeroAgent vs RuleBasedThink3Agent,4,20360927,red,RuleBasedThink3Agent,RuleBasedThink3Agent,-1,26,1.084506999977748,0.21218829997815192
AlphaZeroAgent vs RuleBasedThink3Agent,5,20360928,red,RuleBasedThink3Agent,RuleBasedThink3Agent,-1,8,0.37562100002833176,0.07261010001820978
AlphaZeroAgent vs RuleBasedThink3Agent,6,20360929,red,RuleBasedThink3Agent,AlphaZeroAgent,1,31,1.331773100027931,0.22469879999698605
AlphaZeroAgent vs RuleBasedThink3Agent,7,20360930,red,RuleBasedThink3Agent,AlphaZeroAgent,1,39,1.5245548999810126,0.31726389996765647
AlphaZeroAgent vs RuleBasedThink3Agent,8,20360931,red,RuleBasedThink3Agent,RuleBasedThink3Agent,-1,22,0.9504750000487547,0.23576490001869388
AlphaZeroAgent vs RuleBasedThink3Agent,9,20360932,red,RuleBasedThink3Agent,RuleBasedThink3Agent,-1,14,0.6458583999919938,0.17735220002941787
AlphaZeroAgent vs RuleBasedThink3Agent,10,20360933,red,RuleBasedThink3Agent,RuleBasedThink3Agent,-1,24,1.0262958999956027,0.25817399997322354
AlphaZeroAgent vs RuleBasedThink3Agent,11,20360934,red,RuleBasedThink3Agent,RuleBasedThink3Agent,-1,26,1.098341300006723,0.28427270002430305
AlphaZeroAgent vs RuleBasedThink3Agent,12,20360935,red,RuleBasedThink3Agent,RuleBasedThink3Agent,-1,12,0.5469741000124486,0.14647810001042672
AlphaZeroAgent vs RuleBasedThink3Agent,13,20360936,red,RuleBasedThink3Agent,RuleBasedThink3Agent,-1,20,0.8596171000244794,0.2164096000196878
AlphaZeroAgent vs RuleBasedThink3Agent,14,20360937,red,RuleBasedThink3Agent,RuleBasedThink3Agent,-1,18,0.7898514000116847,0.25387910001154523
AlphaZeroAgent vs RuleBasedThink3Agent,15,20360938,red,RuleBasedThink3Agent,RuleBasedThink3Agent,-1,18,0.8330156999872997,0.2922278999903938
AlphaZeroAgent vs RuleBasedThink3Agent,16,20360939,red,RuleBasedThink3Agent,RuleBasedThink3Agent,-1,24,1.033670099946903,0.3056935000058729
AlphaZeroAgent vs RuleBasedThink3Agent,17,20360940,red,RuleBasedThink3Agent,RuleBasedThink3Agent,-1,26,1.119596399992588,0.32996070000808686
AlphaZeroAgent vs RuleBasedThink3Agent,18,20360941,red,RuleBasedThink3Agent,AlphaZeroAgent,1,19,0.8407125000376254,0.25947910000104457
AlphaZeroAgent vs RuleBasedThink3Agent,19,20360942,red,RuleBasedThink3Agent,RuleBasedThink3Agent,-1,18,0.8125164000084624,0.2518644999945536
AlphaZeroAgent vs RuleBasedThink3Agent,20,20360943,red,RuleBasedThink3Agent,RuleBasedThink3Agent,-1,20,0.890243299989379,0.32723799999803305
AlphaZeroAgent vs RuleBasedThink3Agent,21,20360944,red,RuleBasedThink3Agent,RuleBasedThink3Agent,-1,18,0.7523329999821726,0.21438839998154435
AlphaZeroAgent vs RuleBasedThink3Agent,22,20360945,red,RuleBasedThink3Agent,RuleBasedThink3Agent,-1,10,0.4670134999905713,0.10988220002036542
AlphaZeroAgent vs RuleBasedThink3Agent,23,20360946,red,RuleBasedThink3Agent,AlphaZeroAgent,1,37,1.5012442000297597,0.345609800046077
AlphaZeroAgent vs RuleBasedThink3Agent,24,20360947,red,RuleBasedThink3Agent,AlphaZeroAgent,1,25,1.0779178999946453,0.27662859999691136
AlphaZeroAgent vs RuleBasedThink3Agent,25,20360948,red,RuleBasedThink3Agent,RuleBasedThink3Agent,-1,16,0.7352740000205813,0.18321660000947304
AlphaZeroAgent vs RuleBasedThink3Agent,26,20360949,red,RuleBasedThink3Agent,RuleBasedThink3Agent,-1,20,0.8575119000015547,0.2170438000030117
AlphaZeroAgent vs RuleBasedThink3Agent,27,20360950,red,RuleBasedThink3Agent,AlphaZeroAgent,1,17,0.7623003000044264,0.17057820000627544
AlphaZeroAgent vs RuleBasedThink3Agent,28,20360951,red,RuleBasedThink3Agent,AlphaZeroAgent,1,39,1.5535685999784619,0.33695050001551863
AlphaZeroAgent vs RuleBasedThink3Agent,29,20360952,red,RuleBasedThink3Agent,AlphaZeroAgent,1,27,1.1798373000056017,0.2605115000187652
AlphaZeroAgent vs RuleBasedThink3Agent,30,20360953,red,RuleBasedThink3Agent,AlphaZeroAgent,1,29,1.2363260000420269,0.27084540003852453
AlphaZeroAgent vs RuleBasedThink3Agent,31,20360954,red,RuleBasedThink3Agent,RuleBasedThink3Agent,-1,10,0.45412240001314785,0.1438759000157006
AlphaZeroAgent vs RuleBasedThink3Agent,32,20360955,red,RuleBasedThink3Agent,RuleBasedThink3Agent,-1,14,0.6392789999808883,0.18256829999154434
AlphaZeroAgent vs RuleBasedThink3Agent,33,20360956,red,RuleBasedThink3Agent,RuleBasedThink3Agent,-1,26,1.1187061999517027,0.32180290002725087
AlphaZeroAgent vs RuleBasedThink3Agent,34,20360957,red,RuleBasedThink3Agent,RuleBasedThink3Agent,-1,8,0.38612160000775475,0.07332809999934398
AlphaZeroAgent vs RuleBasedThink3Agent,35,20360958,red,RuleBasedThink3Agent,RuleBasedThink3Agent,-1,20,0.8885862000315683,0.1853728999994928
AlphaZeroAgent vs RuleBasedThink3Agent,36,20360959,red,RuleBasedThink3Agent,RuleBasedThink3Agent,-1,28,1.2088225000334205,0.2668734000035329
AlphaZeroAgent vs RuleBasedThink3Agent,37,20360960,red,RuleBasedThink3Agent,RuleBasedThink3Agent,-1,20,0.8769941000355175,0.27836119999119546
AlphaZeroAgent vs RuleBasedThink3Agent,38,20360961,red,RuleBasedThink3Agent,RuleBasedThink3Agent,-1,14,0.6210832999931881,0.18166639999253675
AlphaZeroAgent vs RuleBasedThink3Agent,39,20360962,red,RuleBasedThink3Agent,RuleBasedThink3Agent,-1,28,1.1938965000153985,0.2541658999834908
AlphaZeroAgent vs RuleBasedThink3Agent,40,20360963,red,RuleBasedThink3Agent,RuleBasedThink3Agent,-1,16,0.7017451999854529,0.22108979997574352
AlphaZeroAgent vs RuleBasedThink3Agent,41,20360964,red,RuleBasedThink3Agent,AlphaZeroAgent,1,37,1.5241496999951778,0.3131467999482993
AlphaZeroAgent vs RuleBasedThink3Agent,42,20360965,red,RuleBasedThink3Agent,RuleBasedThink3Agent,-1,12,0.5520562999881804,0.14518939999106806
AlphaZeroAgent vs RuleBasedThink3Agent,43,20360966,red,RuleBasedThink3Agent,AlphaZeroAgent,1,23,1.0267105999810155,0.25657879997743294
AlphaZeroAgent vs RuleBasedThink3Agent,44,20360967,red,RuleBasedThink3Agent,RuleBasedThink3Agent,-1,20,0.8707260999799473,0.2198505000123987
AlphaZeroAgent vs RuleBasedThink3Agent,45,20360968,red,RuleBasedThink3Agent,AlphaZeroAgent,1,25,1.0649254999589175,0.2891714000143111
AlphaZeroAgent vs RuleBasedThink3Agent,46,20360969,red,RuleBasedThink3Agent,AlphaZeroAgent,1,23,1.0543089999991935,0.3668761999870185
AlphaZeroAgent vs RuleBasedThink3Agent,47,20360970,red,RuleBasedThink3Agent,RuleBasedThink3Agent,-1,24,1.073929499994847,0.3127991000073962
AlphaZeroAgent vs RuleBasedThink3Agent,48,20360971,red,RuleBasedThink3Agent,RuleBasedThink3Agent,-1,22,0.9810430999932578,0.3012449000525521
AlphaZeroAgent vs RuleBasedThink3Agent,49,20360972,red,RuleBasedThink3Agent,RuleBasedThink3Agent,-1,18,0.8227627000305802,0.22511719998146873
AlphaZeroAgent vs RuleBasedThink3Agent,50,20360973,yellow,RuleBasedThink3Agent,RuleBasedThink3Agent,-1,9,0.721991699989303,0.21577830000023823
AlphaZeroAgent vs RuleBasedThink3Agent,51,20360974,yellow,RuleBasedThink3Agent,draw,0,42,3.1211013000138337,0.62761650000175
AlphaZeroAgent vs RuleBasedThink3Agent,52,20360975,yellow,RuleBasedThink3Agent,AlphaZeroAgent,1,20,1.7109999999956926,0.5135970000119414
AlphaZeroAgent vs RuleBasedThink3Agent,53,20360976,yellow,RuleBasedThink3Agent,RuleBasedThink3Agent,-1,7,0.5021199999901,0.14319459999387618
AlphaZeroAgent vs RuleBasedThink3Agent,54,20360977,yellow,RuleBasedThink3Agent,RuleBasedThink3Agent,-1,7,0.5350257999962196,0.1440887000062503
AlphaZeroAgent vs RuleBasedThink3Agent,55,20360978,yellow,RuleBasedThink3Agent,RuleBasedThink3Agent,-1,7,0.545986900004209,0.14788220000627916
AlphaZeroAgent vs RuleBasedThink3Agent,56,20360979,yellow,RuleBasedThink3Agent,AlphaZeroAgent,1,22,1.8080850999685936,0.4461352999933297
AlphaZeroAgent vs RuleBasedThink3Agent,57,20360980,yellow,RuleBasedThink3Agent,RuleBasedThink3Agent,-1,7,0.5028684999997495,0.14375080000900198
AlphaZeroAgent vs RuleBasedThink3Agent,58,20360981,yellow,RuleBasedThink3Agent,RuleBasedThink3Agent,-1,7,0.5475410999933956,0.14442219999909867
AlphaZeroAgent vs RuleBasedThink3Agent,59,20360982,yellow,RuleBasedThink3Agent,RuleBasedThink3Agent,-1,11,0.9181667999800993,0.2878393999999389
AlphaZeroAgent vs RuleBasedThink3Agent,60,20360983,yellow,RuleBasedThink3Agent,RuleBasedThink3Agent,-1,7,0.5178605999972206,0.1434579000051599
AlphaZeroAgent vs RuleBasedThink3Agent,61,20360984,yellow,RuleBasedThink3Agent,RuleBasedThink3Agent,-1,31,2.334929300006479,0.33636300002399366
AlphaZeroAgent vs RuleBasedThink3Agent,62,20360985,yellow,RuleBasedThink3Agent,RuleBasedThink3Agent,-1,7,0.5182037000195123,0.14467829998466186
AlphaZeroAgent vs RuleBasedThink3Agent,63,20360986,yellow,RuleBasedThink3Agent,AlphaZeroAgent,1,40,2.971921400006977,0.5743382000073325
AlphaZeroAgent vs RuleBasedThink3Agent,64,20360987,yellow,RuleBasedThink3Agent,RuleBasedThink3Agent,-1,17,1.4307911999640055,0.5047060999932
AlphaZeroAgent vs RuleBasedThink3Agent,65,20360988,yellow,RuleBasedThink3Agent,RuleBasedThink3Agent,-1,7,0.5172243999986676,0.14803450000181329
AlphaZeroAgent vs RuleBasedThink3Agent,66,20360989,yellow,RuleBasedThink3Agent,RuleBasedThink3Agent,-1,23,1.8566478000138886,0.5235284000082174
AlphaZeroAgent vs RuleBasedThink3Agent,67,20360990,yellow,RuleBasedThink3Agent,RuleBasedThink3Agent,-1,7,0.532195399995544,0.14371100001153536
AlphaZeroAgent vs RuleBasedThink3Agent,68,20360991,yellow,RuleBasedThink3Agent,RuleBasedThink3Agent,-1,7,0.554219399986323,0.1482362000097055
AlphaZeroAgent vs RuleBasedThink3Agent,69,20360992,yellow,RuleBasedThink3Agent,RuleBasedThink3Agent,-1,7,0.5319791000219993,0.14514899997448083
AlphaZeroAgent vs RuleBasedThink3Agent,70,20360993,yellow,RuleBasedThink3Agent,RuleBasedThink3Agent,-1,7,0.5382598000142025,0.14307489999919198
AlphaZeroAgent vs RuleBasedThink3Agent,71,20360994,yellow,RuleBasedThink3Agent,RuleBasedThink3Agent,-1,13,1.0513023000094108,0.35996820000582375
AlphaZeroAgent vs RuleBasedThink3Agent,72,20360995,yellow,RuleBasedThink3Agent,RuleBasedThink3Agent,-1,9,0.7388760000030743,0.21553420000418555
AlphaZeroAgent vs RuleBasedThink3Agent,73,20360996,yellow,RuleBasedThink3Agent,AlphaZeroAgent,1,40,3.0247619000001578,0.46659919996454846
AlphaZeroAgent vs RuleBasedThink3Agent,74,20360997,yellow,RuleBasedThink3Agent,RuleBasedThink3Agent,-1,15,1.280889500019839,0.4439486999908695
AlphaZeroAgent vs RuleBasedThink3Agent,75,20360998,yellow,RuleBasedThink3Agent,AlphaZeroAgent,1,42,2.6604715999856126,0.48908480002137367
AlphaZeroAgent vs RuleBasedThink3Agent,76,20360999,yellow,RuleBasedThink3Agent,RuleBasedThink3Agent,-1,9,0.3668614000052912,0.10819569999875966
AlphaZeroAgent vs RuleBasedThink3Agent,77,20361000,yellow,RuleBasedThink3Agent,RuleBasedThink3Agent,-1,7,0.25976020001689903,0.07601249999424908
AlphaZeroAgent vs RuleBasedThink3Agent,78,20361001,yellow,RuleBasedThink3Agent,AlphaZeroAgent,1,28,1.1618332999933045,0.23812910002015997
AlphaZeroAgent vs RuleBasedThink3Agent,79,20361002,yellow,RuleBasedThink3Agent,RuleBasedThink3Agent,-1,7,0.27185990000725724,0.07118490000721067
AlphaZeroAgent vs RuleBasedThink3Agent,80,20361003,yellow,RuleBasedThink3Agent,RuleBasedThink3Agent,-1,13,0.545462200010661,0.185426699987147
AlphaZeroAgent vs RuleBasedThink3Agent,81,20361004,yellow,RuleBasedThink3Agent,RuleBasedThink3Agent,-1,27,1.04374039999675,0.1841294000041671
AlphaZeroAgent vs RuleBasedThink3Agent,82,20361005,yellow,RuleBasedThink3Agent,RuleBasedThink3Agent,-1,7,0.2683251999987988,0.07447680002951529
AlphaZeroAgent vs RuleBasedThink3Agent,83,20361006,yellow,RuleBasedThink3Agent,RuleBasedThink3Agent,-1,25,1.0280794000282185,0.20638689999759663
AlphaZeroAgent vs RuleBasedThink3Agent,84,20361007,yellow,RuleBasedThink3Agent,RuleBasedThink3Agent,-1,13,0.5348745999945095,0.1472460999939358
AlphaZeroAgent vs RuleBasedThink3Agent,85,20361008,yellow,RuleBasedThink3Agent,RuleBasedThink3Agent,-1,19,0.8154655000107596,0.21692299997084774
AlphaZeroAgent vs RuleBasedThink3Agent,86,20361009,yellow,RuleBasedThink3Agent,RuleBasedThink3Agent,-1,15,0.6282453000167152,0.18492470002092887
AlphaZeroAgent vs RuleBasedThink3Agent,87,20361010,yellow,RuleBasedThink3Agent,RuleBasedThink3Agent,-1,7,0.27617880000616424,0.07556300000578631
AlphaZeroAgent vs RuleBasedThink3Agent,88,20361011,yellow,RuleBasedThink3Agent,RuleBasedThink3Agent,-1,7,0.27519719998235814,0.07438759999058675
AlphaZeroAgent vs RuleBasedThink3Agent,89,20361012,yellow,RuleBasedThink3Agent,RuleBasedThink3Agent,-1,13,0.6760255999979563,0.18757810002716724
AlphaZeroAgent vs RuleBasedThink3Agent,90,20361013,yellow,RuleBasedThink3Agent,RuleBasedThink3Agent,-1,23,1.8368069999996806,0.4581372999964515
AlphaZeroAgent vs RuleBasedThink3Agent,91,20361014,yellow,RuleBasedThink3Agent,draw,0,42,3.0841361999919172,0.8485992999776499
AlphaZeroAgent vs RuleBasedThink3Agent,92,20361015,yellow,RuleBasedThink3Agent,RuleBasedThink3Agent,-1,11,0.8834100000094622,0.2907161999755772
AlphaZeroAgent vs RuleBasedThink3Agent,93,20361016,yellow,RuleBasedThink3Agent,RuleBasedThink3Agent,-1,7,0.5176960000098916,0.14484159997664392
AlphaZeroAgent vs RuleBasedThink3Agent,94,20361017,yellow,RuleBasedThink3Agent,RuleBasedThink3Agent,-1,13,1.0635868999816012,0.22951379997539334
AlphaZeroAgent vs RuleBasedThink3Agent,95,20361018,yellow,RuleBasedThink3Agent,RuleBasedThink3Agent,-1,7,0.5455349000112619,0.14558490001945756
AlphaZeroAgent vs RuleBasedThink3Agent,96,20361019,yellow,RuleBasedThink3Agent,RuleBasedThink3Agent,-1,11,0.9277197999908822,0.2891636000131257
AlphaZeroAgent vs RuleBasedThink3Agent,97,20361020,yellow,RuleBasedThink3Agent,RuleBasedThink3Agent,-1,7,0.5421749999804888,0.14551620002021082
AlphaZeroAgent vs RuleBasedThink3Agent,98,20361021,yellow,RuleBasedThink3Agent,RuleBasedThink3Agent,-1,21,1.7788778000394814,0.5080554999876767
AlphaZeroAgent vs RuleBasedThink3Agent,99,20361022,yellow,RuleBasedThink3Agent,RuleBasedThink3Agent,-1,39,3.024727999989409,0.5525551000318956
AlphaZeroAgent vs DepthMinimaxAgent,0,20460923,red,DepthMinimaxAgent,DepthMinimaxAgent,-1,28,2.33177550000255,4.825429400007124
AlphaZeroAgent vs DepthMinimaxAgent,1,20460924,red,DepthMinimaxAgent,AlphaZeroAgent,1,25,2.184973000039463,3.676764700008789
AlphaZeroAgent vs DepthMinimaxAgent,2,20460925,red,DepthMinimaxAgent,DepthMinimaxAgent,-1,22,1.9839076999924146,4.5795547000161605
AlphaZeroAgent vs DepthMinimaxAgent,3,20460926,red,DepthMinimaxAgent,AlphaZeroAgent,1,21,1.8522676000284264,3.9374574000248685
AlphaZeroAgent vs DepthMinimaxAgent,4,20460927,red,DepthMinimaxAgent,AlphaZeroAgent,1,33,2.71722459999728,4.616286299991771
AlphaZeroAgent vs DepthMinimaxAgent,5,20460928,red,DepthMinimaxAgent,draw,0,42,3.4438317000312964,4.423913699996774
AlphaZeroAgent vs DepthMinimaxAgent,6,20460929,red,DepthMinimaxAgent,DepthMinimaxAgent,-1,30,2.4425633000209928,4.044338700012304
AlphaZeroAgent vs DepthMinimaxAgent,7,20460930,red,DepthMinimaxAgent,DepthMinimaxAgent,-1,18,1.5703263999603223,3.6860985000093933
AlphaZeroAgent vs DepthMinimaxAgent,8,20460931,red,DepthMinimaxAgent,DepthMinimaxAgent,-1,38,3.0796767999854637,4.000846400012961
AlphaZeroAgent vs DepthMinimaxAgent,9,20460932,red,DepthMinimaxAgent,AlphaZeroAgent,1,25,1.4727569999959087,2.8923867999692447
AlphaZeroAgent vs DepthMinimaxAgent,10,20460933,red,DepthMinimaxAgent,AlphaZeroAgent,1,35,1.4240329000313068,2.585844299988821
AlphaZeroAgent vs DepthMinimaxAgent,11,20460934,red,DepthMinimaxAgent,DepthMinimaxAgent,-1,30,1.3265966000326443,2.297872799943434
AlphaZeroAgent vs DepthMinimaxAgent,12,20460935,red,DepthMinimaxAgent,DepthMinimaxAgent,-1,20,0.8590840000251774,1.687760500019067
AlphaZeroAgent vs DepthMinimaxAgent,13,20460936,red,DepthMinimaxAgent,DepthMinimaxAgent,-1,32,1.3094311999739148,2.0373577999998815
AlphaZeroAgent vs DepthMinimaxAgent,14,20460937,red,DepthMinimaxAgent,DepthMinimaxAgent,-1,32,1.2777817999885883,2.0324717000039527
AlphaZeroAgent vs DepthMinimaxAgent,15,20460938,red,DepthMinimaxAgent,AlphaZeroAgent,1,37,1.4960504999908153,1.8292675999982748
AlphaZeroAgent vs DepthMinimaxAgent,16,20460939,red,DepthMinimaxAgent,DepthMinimaxAgent,-1,30,1.2238912000029813,2.0462081999867223
AlphaZeroAgent vs DepthMinimaxAgent,17,20460940,red,DepthMinimaxAgent,draw,0,42,1.6941748999524862,2.036068899979
AlphaZeroAgent vs DepthMinimaxAgent,18,20460941,red,DepthMinimaxAgent,AlphaZeroAgent,1,33,1.3919786000042222,2.41545609998866
AlphaZeroAgent vs DepthMinimaxAgent,19,20460942,red,DepthMinimaxAgent,AlphaZeroAgent,1,39,1.572483999960241,2.3282462999923155
AlphaZeroAgent vs DepthMinimaxAgent,20,20460943,red,DepthMinimaxAgent,DepthMinimaxAgent,-1,26,1.1088424999907147,2.3162688000156777
AlphaZeroAgent vs DepthMinimaxAgent,21,20460944,red,DepthMinimaxAgent,DepthMinimaxAgent,-1,22,0.936087200010661,2.243614599981811
AlphaZeroAgent vs DepthMinimaxAgent,22,20460945,red,DepthMinimaxAgent,DepthMinimaxAgent,-1,18,0.7586585999961244,1.6009596000076272
AlphaZeroAgent vs DepthMinimaxAgent,23,20460946,red,DepthMinimaxAgent,DepthMinimaxAgent,-1,12,0.5494317999691702,1.2565966000111075
AlphaZeroAgent vs DepthMinimaxAgent,24,20460947,red,DepthMinimaxAgent,DepthMinimaxAgent,-1,20,0.8779417999758152,1.6737125999788987
AlphaZeroAgent vs DepthMinimaxAgent,25,20460948,red,DepthMinimaxAgent,DepthMinimaxAgent,-1,12,0.5347880000044825,1.1192649000149686
AlphaZeroAgent vs DepthMinimaxAgent,26,20460949,red,DepthMinimaxAgent,DepthMinimaxAgent,-1,28,1.1431013000255916,2.189512500015553
AlphaZeroAgent vs DepthMinimaxAgent,27,20460950,red,DepthMinimaxAgent,DepthMinimaxAgent,-1,36,1.3976817000220763,1.9615151999896625
AlphaZeroAgent vs DepthMinimaxAgent,28,20460951,red,DepthMinimaxAgent,AlphaZeroAgent,1,19,0.8405054000031669,1.5103886000142666
AlphaZeroAgent vs DepthMinimaxAgent,29,20460952,red,DepthMinimaxAgent,DepthMinimaxAgent,-1,20,0.8672024000115925,1.877189000006183
AlphaZeroAgent vs DepthMinimaxAgent,30,20460953,red,DepthMinimaxAgent,AlphaZeroAgent,1,31,1.2963049999816576,2.369751299978816
AlphaZeroAgent vs DepthMinimaxAgent,31,20460954,red,DepthMinimaxAgent,DepthMinimaxAgent,-1,28,1.1379865999915637,2.492210900003556
AlphaZeroAgent vs DepthMinimaxAgent,32,20460955,red,DepthMinimaxAgent,AlphaZeroAgent,1,29,1.192082300025504,2.58093630001531
AlphaZeroAgent vs DepthMinimaxAgent,33,20460956,red,DepthMinimaxAgent,DepthMinimaxAgent,-1,38,1.5172008000081405,2.389609800025937
AlphaZeroAgent vs DepthMinimaxAgent,34,20460957,red,DepthMinimaxAgent,AlphaZeroAgent,1,23,1.0392189999984112,1.9743729999900097
AlphaZeroAgent vs DepthMinimaxAgent,35,20460958,red,DepthMinimaxAgent,AlphaZeroAgent,1,37,1.5402873999846634,2.7608406000072137
AlphaZeroAgent vs DepthMinimaxAgent,36,20460959,red,DepthMinimaxAgent,DepthMinimaxAgent,-1,14,0.629640399987693,1.4129840999958105
AlphaZeroAgent vs DepthMinimaxAgent,37,20460960,red,DepthMinimaxAgent,draw,0,42,1.5796283000090625,2.4627983000100357
AlphaZeroAgent vs DepthMinimaxAgent,38,20460961,red,DepthMinimaxAgent,DepthMinimaxAgent,-1,22,0.9250433999695815,1.7094724000198767
AlphaZeroAgent vs DepthMinimaxAgent,39,20460962,red,DepthMinimaxAgent,DepthMinimaxAgent,-1,18,0.795194900027127,1.8013593000068795
AlphaZeroAgent vs DepthMinimaxAgent,40,20460963,red,DepthMinimaxAgent,DepthMinimaxAgent,-1,18,0.7541368999809492,1.7068668000138132
AlphaZeroAgent vs DepthMinimaxAgent,41,20460964,red,DepthMinimaxAgent,AlphaZeroAgent,1,23,1.0095905999914976,2.3048732999741333
AlphaZeroAgent vs DepthMinimaxAgent,42,20460965,red,DepthMinimaxAgent,AlphaZeroAgent,1,21,0.9267167000361951,1.8099384999804897
AlphaZeroAgent vs DepthMinimaxAgent,43,20460966,red,DepthMinimaxAgent,AlphaZeroAgent,1,41,1.6087703999801306,2.1621337000397034
AlphaZeroAgent vs DepthMinimaxAgent,44,20460967,red,DepthMinimaxAgent,AlphaZeroAgent,1,29,1.2128492000192637,2.257287800006452
AlphaZeroAgent vs DepthMinimaxAgent,45,20460968,red,DepthMinimaxAgent,DepthMinimaxAgent,-1,40,1.5768611000239616,1.9878789999638684
AlphaZeroAgent vs DepthMinimaxAgent,46,20460969,red,DepthMinimaxAgent,draw,0,42,1.5169875999708893,1.9706124999938766
AlphaZeroAgent vs DepthMinimaxAgent,47,20460970,red,DepthMinimaxAgent,DepthMinimaxAgent,-1,18,0.7680669999972451,1.80491120001534
AlphaZeroAgent vs DepthMinimaxAgent,48,20460971,red,DepthMinimaxAgent,DepthMinimaxAgent,-1,32,1.3216370999725768,2.75642770002014
AlphaZeroAgent vs DepthMinimaxAgent,49,20460972,red,DepthMinimaxAgent,AlphaZeroAgent,1,23,1.011202499998035,2.3482229999790434
AlphaZeroAgent vs DepthMinimaxAgent,50,20460973,yellow,DepthMinimaxAgent,DepthMinimaxAgent,-1,7,0.2595004000031622,0.7161393999849679
AlphaZeroAgent vs DepthMinimaxAgent,51,20460974,yellow,DepthMinimaxAgent,DepthMinimaxAgent,-1,33,1.2740915999747813,2.7183929000020726
AlphaZeroAgent vs DepthMinimaxAgent,52,20460975,yellow,DepthMinimaxAgent,AlphaZeroAgent,1,36,1.401362499993411,2.227706899997429
AlphaZeroAgent vs DepthMinimaxAgent,53,20460976,yellow,DepthMinimaxAgent,DepthMinimaxAgent,-1,37,1.3859956999949645,2.4455041000182973
AlphaZeroAgent vs DepthMinimaxAgent,54,20460977,yellow,DepthMinimaxAgent,DepthMinimaxAgent,-1,9,0.38291210000170395,0.9325543000013568
AlphaZeroAgent vs DepthMinimaxAgent,55,20460978,yellow,DepthMinimaxAgent,DepthMinimaxAgent,-1,31,1.2421663999848533,1.9829087000252912
AlphaZeroAgent vs DepthMinimaxAgent,56,20460979,yellow,DepthMinimaxAgent,DepthMinimaxAgent,-1,21,0.8266072000405984,2.2299153999774717
AlphaZeroAgent vs DepthMinimaxAgent,57,20460980,yellow,DepthMinimaxAgent,DepthMinimaxAgent,-1,29,1.1657195999869145,2.4309735999559052
AlphaZeroAgent vs DepthMinimaxAgent,58,20460981,yellow,DepthMinimaxAgent,draw,0,42,1.5684269000048516,3.330413599993335
AlphaZeroAgent vs DepthMinimaxAgent,59,20460982,yellow,DepthMinimaxAgent,AlphaZeroAgent,1,34,1.3421461000107229,2.354690299995127
AlphaZeroAgent vs DepthMinimaxAgent,60,20460983,yellow,DepthMinimaxAgent,AlphaZeroAgent,1,26,1.0778118999733124,2.231245700051659
AlphaZeroAgent vs DepthMinimaxAgent,61,20460984,yellow,DepthMinimaxAgent,DepthMinimaxAgent,-1,7,0.2727164999960223,0.697779600013746
AlphaZeroAgent vs DepthMinimaxAgent,62,20460985,yellow,DepthMinimaxAgent,AlphaZeroAgent,1,22,0.9104324000072666,2.1859604000055697
AlphaZeroAgent vs DepthMinimaxAgent,63,20460986,yellow,DepthMinimaxAgent,DepthMinimaxAgent,-1,13,0.5315787999716122,1.4963772000191966
AlphaZeroAgent vs DepthMinimaxAgent,64,20460987,yellow,DepthMinimaxAgent,DepthMinimaxAgent,-1,11,0.45085110000218265,1.2327866999839898
AlphaZeroAgent vs DepthMinimaxAgent,65,20460988,yellow,DepthMinimaxAgent,AlphaZeroAgent,1,22,0.9345161000237567,2.2594295000017155
AlphaZeroAgent vs DepthMinimaxAgent,66,20460989,yellow,DepthMinimaxAgent,DepthMinimaxAgent,-1,37,1.4538230000034673,2.2761993000021903
AlphaZeroAgent vs DepthMinimaxAgent,67,20460990,yellow,DepthMinimaxAgent,DepthMinimaxAgent,-1,23,0.9529551999876276,2.3921085000038147
AlphaZeroAgent vs DepthMinimaxAgent,68,20460991,yellow,DepthMinimaxAgent,AlphaZeroAgent,1,40,1.4959995999670355,2.5210725999932038
AlphaZeroAgent vs DepthMinimaxAgent,69,20460992,yellow,DepthMinimaxAgent,DepthMinimaxAgent,-1,17,0.7226313999999547,1.9305960000347113
AlphaZeroAgent vs DepthMinimaxAgent,70,20460993,yellow,DepthMinimaxAgent,AlphaZeroAgent,1,26,1.043455399980303,1.973716400039848
AlphaZeroAgent vs DepthMinimaxAgent,71,20460994,yellow,DepthMinimaxAgent,AlphaZeroAgent,1,38,1.49398969997128,2.83263559997431
AlphaZeroAgent vs DepthMinimaxAgent,72,20460995,yellow,DepthMinimaxAgent,DepthMinimaxAgent,-1,13,0.5603115999838337,1.4879393000155687
AlphaZeroAgent vs DepthMinimaxAgent,73,20460996,yellow,DepthMinimaxAgent,AlphaZeroAgent,1,34,1.3345380999526242,2.180449800027418
AlphaZeroAgent vs DepthMinimaxAgent,74,20460997,yellow,DepthMinimaxAgent,AlphaZeroAgent,1,34,1.3341872999735642,2.2585769000143046
AlphaZeroAgent vs DepthMinimaxAgent,75,20460998,yellow,DepthMinimaxAgent,AlphaZeroAgent,1,28,1.2092567999934545,2.6433671999693615
AlphaZeroAgent vs DepthMinimaxAgent,76,20460999,yellow,DepthMinimaxAgent,DepthMinimaxAgent,-1,23,0.9272256000112975,2.205998599965824
AlphaZeroAgent vs DepthMinimaxAgent,77,20461000,yellow,DepthMinimaxAgent,DepthMinimaxAgent,-1,7,0.2653401000134181,0.8117922999954317
AlphaZeroAgent vs DepthMinimaxAgent,78,20461001,yellow,DepthMinimaxAgent,AlphaZeroAgent,1,20,0.8500230999779887,2.239099400001578
AlphaZeroAgent vs DepthMinimaxAgent,79,20461002,yellow,DepthMinimaxAgent,DepthMinimaxAgent,-1,7,0.2648531000013463,0.6987025999987964
AlphaZeroAgent vs DepthMinimaxAgent,80,20461003,yellow,DepthMinimaxAgent,DepthMinimaxAgent,-1,29,1.1571101000154158,2.2436480000033043
AlphaZeroAgent vs DepthMinimaxAgent,81,20461004,yellow,DepthMinimaxAgent,DepthMinimaxAgent,-1,13,0.52787229999376,1.416673500003526
AlphaZeroAgent vs DepthMinimaxAgent,82,20461005,yellow,DepthMinimaxAgent,AlphaZeroAgent,1,34,1.3119107999955304,2.840096900006756
AlphaZeroAgent vs DepthMinimaxAgent,83,20461006,yellow,DepthMinimaxAgent,AlphaZeroAgent,1,26,1.0932354999531526,2.653721700015012
AlphaZeroAgent vs DepthMinimaxAgent,84,20461007,yellow,DepthMinimaxAgent,AlphaZeroAgent,1,22,0.9436021999863442,2.0187752999772783
AlphaZeroAgent vs DepthMinimaxAgent,85,20461008,yellow,DepthMinimaxAgent,AlphaZeroAgent,1,32,1.2748608000110835,2.212306199988234
AlphaZeroAgent vs DepthMinimaxAgent,86,20461009,yellow,DepthMinimaxAgent,DepthMinimaxAgent,-1,7,0.2648489999992307,0.711640500012436
AlphaZeroAgent vs DepthMinimaxAgent,87,20461010,yellow,DepthMinimaxAgent,AlphaZeroAgent,1,28,1.1426678000425454,1.9818967000028351
AlphaZeroAgent vs DepthMinimaxAgent,88,20461011,yellow,DepthMinimaxAgent,AlphaZeroAgent,1,28,1.1804407000308856,2.5945142000127817
AlphaZeroAgent vs DepthMinimaxAgent,89,20461012,yellow,DepthMinimaxAgent,AlphaZeroAgent,1,34,1.4105845000158297,2.622501099976944
AlphaZeroAgent vs DepthMinimaxAgent,90,20461013,yellow,DepthMinimaxAgent,DepthMinimaxAgent,-1,33,1.264466899985564,2.466535500061582
AlphaZeroAgent vs DepthMinimaxAgent,91,20461014,yellow,DepthMinimaxAgent,DepthMinimaxAgent,-1,7,0.26718650000111666,0.8293218000180786
AlphaZeroAgent vs DepthMinimaxAgent,92,20461015,yellow,DepthMinimaxAgent,DepthMinimaxAgent,-1,33,1.299034000010579,2.9168304000486387
AlphaZeroAgent vs DepthMinimaxAgent,93,20461016,yellow,DepthMinimaxAgent,DepthMinimaxAgent,-1,15,0.6136587999790208,1.7185612999892328
AlphaZeroAgent vs DepthMinimaxAgent,94,20461017,yellow,DepthMinimaxAgent,AlphaZeroAgent,1,22,0.9049837999918964,1.9096243999956641
AlphaZeroAgent vs DepthMinimaxAgent,95,20461018,yellow,DepthMinimaxAgent,DepthMinimaxAgent,-1,25,1.0001552999892738,1.9830691000097431
AlphaZeroAgent vs DepthMinimaxAgent,96,20461019,yellow,DepthMinimaxAgent,DepthMinimaxAgent,-1,29,1.181073500047205,2.1921763000136707
AlphaZeroAgent vs DepthMinimaxAgent,97,20461020,yellow,DepthMinimaxAgent,AlphaZeroAgent,1,38,1.4374978000560077,2.3885000000009313
AlphaZeroAgent vs DepthMinimaxAgent,98,20461021,yellow,DepthMinimaxAgent,DepthMinimaxAgent,-1,19,0.7941210999997566,2.2099371000076644
AlphaZeroAgent vs DepthMinimaxAgent,99,20461022,yellow,DepthMinimaxAgent,AlphaZeroAgent,1,18,0.7556726000038907,2.0479008000111207
AlphaZeroAgent vs AlphaBetaAgent,0,20560923,red,AlphaBetaAgent,AlphaBetaAgent,-1,20,0.8534220999717945,0.40193200002249796
AlphaZeroAgent vs AlphaBetaAgent,1,20560924,red,AlphaBetaAgent,AlphaZeroAgent,1,19,0.841355399985332,0.5477546000183793
AlphaZeroAgent vs AlphaBetaAgent,2,20560925,red,AlphaBetaAgent,AlphaZeroAgent,1,19,0.8551801000139676,0.4528886999760289
AlphaZeroAgent vs AlphaBetaAgent,3,20560926,red,AlphaBetaAgent,AlphaBetaAgent,-1,18,0.8266566999955103,0.43913980000070296
AlphaZeroAgent vs AlphaBetaAgent,4,20560927,red,AlphaBetaAgent,AlphaBetaAgent,-1,32,1.2680806999705965,0.6484979999804636
AlphaZeroAgent vs AlphaBetaAgent,5,20560928,red,AlphaBetaAgent,AlphaBetaAgent,-1,40,1.5134133999963524,0.7440520999516593
AlphaZeroAgent vs AlphaBetaAgent,6,20560929,red,AlphaBetaAgent,AlphaZeroAgent,1,31,1.266330999947968,0.6252342000516364
AlphaZeroAgent vs AlphaBetaAgent,7,20560930,red,AlphaBetaAgent,AlphaBetaAgent,-1,22,0.955419100006111,0.7375828999938676
AlphaZeroAgent vs AlphaBetaAgent,8,20560931,red,AlphaBetaAgent,AlphaZeroAgent,1,27,1.1547878999699606,0.5286470999853918
AlphaZeroAgent vs AlphaBetaAgent,9,20560932,red,AlphaBetaAgent,AlphaBetaAgent,-1,26,1.1011021000012988,0.5028421000170056
AlphaZeroAgent vs AlphaBetaAgent,10,20560933,red,AlphaBetaAgent,AlphaZeroAgent,1,25,1.1286327999987407,0.5287551999936113
AlphaZeroAgent vs AlphaBetaAgent,11,20560934,red,AlphaBetaAgent,AlphaBetaAgent,-1,26,1.0772734000056516,0.5329106000135653
AlphaZeroAgent vs AlphaBetaAgent,12,20560935,red,AlphaBetaAgent,AlphaZeroAgent,1,35,1.4698354999854928,0.7176077999756671
AlphaZeroAgent vs AlphaBetaAgent,13,20560936,red,AlphaBetaAgent,AlphaZeroAgent,1,23,1.0004067999689141,0.6851680999970995
AlphaZeroAgent vs AlphaBetaAgent,14,20560937,red,AlphaBetaAgent,AlphaBetaAgent,-1,20,0.8533219999808352,0.4493320999899879
AlphaZeroAgent vs AlphaBetaAgent,15,20560938,red,AlphaBetaAgent,AlphaBetaAgent,-1,18,0.7889739999809535,0.5914988999866182
AlphaZeroAgent vs AlphaBetaAgent,16,20560939,red,AlphaBetaAgent,AlphaBetaAgent,-1,18,0.786058600016986,0.3823352000035811
AlphaZeroAgent vs AlphaBetaAgent,17,20560940,red,AlphaBetaAgent,AlphaZeroAgent,1,19,0.8324766000005184,0.40681210001639556
AlphaZeroAgent vs AlphaBetaAgent,18,20560941,red,AlphaBetaAgent,AlphaBetaAgent,-1,28,1.139589500016882,0.5299528000323335
AlphaZeroAgent vs AlphaBetaAgent,19,20560942,red,AlphaBetaAgent,AlphaZeroAgent,1,35,1.420423200019286,0.6014910999656422
AlphaZeroAgent vs AlphaBetaAgent,20,20560943,red,AlphaBetaAgent,AlphaZeroAgent,1,23,0.9588727000373183,0.45941019999736454
AlphaZeroAgent vs AlphaBetaAgent,21,20560944,red,AlphaBetaAgent,AlphaBetaAgent,-1,22,0.9444658000138588,0.4070530000317376
AlphaZeroAgent vs AlphaBetaAgent,22,20560945,red,AlphaBetaAgent,AlphaBetaAgent,-1,30,1.2605911000282504,0.4571167000103742
AlphaZeroAgent vs AlphaBetaAgent,23,20560946,red,AlphaBetaAgent,AlphaZeroAgent,1,23,1.0277118000522023,0.5384696999681182
AlphaZeroAgent vs AlphaBetaAgent,24,20560947,red,AlphaBetaAgent,AlphaBetaAgent,-1,22,0.9510295999934897,0.4980825999955414
AlphaZeroAgent vs AlphaBetaAgent,25,20560948,red,AlphaBetaAgent,AlphaBetaAgent,-1,26,1.0643033999513136,0.46565940002619755
AlphaZeroAgent vs AlphaBetaAgent,26,20560949,red,AlphaBetaAgent,AlphaZeroAgent,1,21,0.9170672000182094,0.44599880000168923
AlphaZeroAgent vs AlphaBetaAgent,27,20560950,red,AlphaBetaAgent,AlphaBetaAgent,-1,26,1.1044672999851173,0.5480152999807615
AlphaZeroAgent vs AlphaBetaAgent,28,20560951,red,AlphaBetaAgent,AlphaBetaAgent,-1,32,1.3597904000198469,0.5091678000171669
AlphaZeroAgent vs AlphaBetaAgent,29,20560952,red,AlphaBetaAgent,AlphaBetaAgent,-1,24,1.0725668000086443,0.5160694000078365
AlphaZeroAgent vs AlphaBetaAgent,30,20560953,red,AlphaBetaAgent,AlphaBetaAgent,-1,20,0.8579259000252932,0.38776230001531076
AlphaZeroAgent vs AlphaBetaAgent,31,20560954,red,AlphaBetaAgent,AlphaZeroAgent,1,17,0.7650806999736233,0.3910531000001356
AlphaZeroAgent vs AlphaBetaAgent,32,20560955,red,AlphaBetaAgent,AlphaZeroAgent,1,37,1.5082478999975137,0.5878859999938868
AlphaZeroAgent vs AlphaBetaAgent,33,20560956,red,AlphaBetaAgent,AlphaZeroAgent,1,39,1.5289533000031952,0.760749000008218
AlphaZeroAgent vs AlphaBetaAgent,34,20560957,red,AlphaBetaAgent,AlphaBetaAgent,-1,20,0.8903496999701019,0.5724446999665815
AlphaZeroAgent vs AlphaBetaAgent,35,20560958,red,AlphaBetaAgent,AlphaBetaAgent,-1,22,0.9318227000185288,0.49582210001244675
AlphaZeroAgent vs AlphaBetaAgent,36,20560959,red,AlphaBetaAgent,AlphaZeroAgent,1,29,1.184132900016266,0.5925831999775255
AlphaZeroAgent vs AlphaBetaAgent,37,20560960,red,AlphaBetaAgent,AlphaZeroAgent,1,27,1.1813466999738012,0.5048398999933852
AlphaZeroAgent vs AlphaBetaAgent,38,20560961,red,AlphaBetaAgent,AlphaZeroAgent,1,33,1.3813029999873834,0.570265800022753
AlphaZeroAgent vs AlphaBetaAgent,39,20560962,red,AlphaBetaAgent,AlphaZeroAgent,1,33,1.4004460000287509,0.45934440003475174
AlphaZeroAgent vs AlphaBetaAgent,40,20560963,red,AlphaBetaAgent,AlphaZeroAgent,1,33,1.391972200042801,0.6954057999828365
AlphaZeroAgent vs AlphaBetaAgent,41,20560964,red,AlphaBetaAgent,AlphaBetaAgent,-1,22,0.9750614000076894,0.5610948000103235
AlphaZeroAgent vs AlphaBetaAgent,42,20560965,red,AlphaBetaAgent,AlphaBetaAgent,-1,24,1.0579152000282193,0.5275687000248581
AlphaZeroAgent vs AlphaBetaAgent,43,20560966,red,AlphaBetaAgent,AlphaZeroAgent,1,13,0.6218008999858284,0.36545420001493767
AlphaZeroAgent vs AlphaBetaAgent,44,20560967,red,AlphaBetaAgent,AlphaBetaAgent,-1,20,0.829831099967123,0.7650066000060178
AlphaZeroAgent vs AlphaBetaAgent,45,20560968,red,AlphaBetaAgent,AlphaBetaAgent,-1,22,0.9282267000380671,0.6198029999941355
AlphaZeroAgent vs AlphaBetaAgent,46,20560969,red,AlphaBetaAgent,AlphaZeroAgent,1,39,1.6376522000064142,0.6760362999921199
AlphaZeroAgent vs AlphaBetaAgent,47,20560970,red,AlphaBetaAgent,AlphaZeroAgent,1,39,1.4903236999525689,0.6188539000286255
AlphaZeroAgent vs AlphaBetaAgent,48,20560971,red,AlphaBetaAgent,AlphaBetaAgent,-1,34,1.3417190000182018,0.654032900070888
AlphaZeroAgent vs AlphaBetaAgent,49,20560972,red,AlphaBetaAgent,AlphaBetaAgent,-1,36,1.4704911999870092,0.8160684000322362
AlphaZeroAgent vs AlphaBetaAgent,50,20560973,yellow,AlphaBetaAgent,AlphaBetaAgent,-1,11,0.4462288999930024,0.24586039999849163
AlphaZeroAgent vs AlphaBetaAgent,51,20560974,yellow,AlphaBetaAgent,AlphaBetaAgent,-1,15,0.6236820999765769,0.3973235999874305
AlphaZeroAgent vs AlphaBetaAgent,52,20560975,yellow,AlphaBetaAgent,AlphaZeroAgent,1,20,0.8437844000000041,0.3972401000064565
AlphaZeroAgent vs AlphaBetaAgent,53,20560976,yellow,AlphaBetaAgent,AlphaBetaAgent,-1,21,0.8781152000010479,0.5361650999693666
AlphaZeroAgent vs AlphaBetaAgent,54,20560977,yellow,AlphaBetaAgent,AlphaBetaAgent,-1,7,0.2736990999983391,0.1770855999784544
AlphaZeroAgent vs AlphaBetaAgent,55,20560978,yellow,AlphaBetaAgent,AlphaZeroAgent,1,28,1.1664120000059484,0.4941508999618236
AlphaZeroAgent vs AlphaBetaAgent,56,20560979,yellow,AlphaBetaAgent,AlphaZeroAgent,1,20,0.8237506999721518,0.4422624000144424
AlphaZeroAgent vs AlphaBetaAgent,57,20560980,yellow,AlphaBetaAgent,AlphaBetaAgent,-1,29,1.1436980000435142,0.7127181999967434
AlphaZeroAgent vs AlphaBetaAgent,58,20560981,yellow,AlphaBetaAgent,AlphaBetaAgent,-1,25,1.034346899978118,0.6278632000030484
AlphaZeroAgent vs AlphaBetaAgent,59,20560982,yellow,AlphaBetaAgent,AlphaBetaAgent,-1,25,1.009903599959216,0.7124909999838565
AlphaZeroAgent vs AlphaBetaAgent,60,20560983,yellow,AlphaBetaAgent,AlphaZeroAgent,1,38,1.453445599981933,0.5011635000264505
AlphaZeroAgent vs AlphaBetaAgent,61,20560984,yellow,AlphaBetaAgent,AlphaZeroAgent,1,34,1.3959446999797365,0.8017964999598917
AlphaZeroAgent vs AlphaBetaAgent,62,20560985,yellow,AlphaBetaAgent,AlphaZeroAgent,1,36,1.4241985999542521,0.6062608000211185
AlphaZeroAgent vs AlphaBetaAgent,63,20560986,yellow,AlphaBetaAgent,AlphaBetaAgent,-1,27,1.1248045999527676,0.600051000044914
AlphaZeroAgent vs AlphaBetaAgent,64,20560987,yellow,AlphaBetaAgent,AlphaZeroAgent,1,40,1.5231536999926902,0.545628099978785
AlphaZeroAgent vs AlphaBetaAgent,65,20560988,yellow,AlphaBetaAgent,AlphaBetaAgent,-1,31,1.2330008999997517,0.6754161000280874
AlphaZeroAgent vs AlphaBetaAgent,66,20560989,yellow,AlphaBetaAgent,AlphaBetaAgent,-1,21,0.8498675000155345,0.6909934999712277
AlphaZeroAgent vs AlphaBetaAgent,67,20560990,yellow,AlphaBetaAgent,AlphaBetaAgent,-1,15,0.6195282999979099,0.4038274000340607
AlphaZeroAgent vs AlphaBetaAgent,68,20560991,yellow,AlphaBetaAgent,AlphaBetaAgent,-1,35,1.338706699985778,0.6016896999790333
AlphaZeroAgent vs AlphaBetaAgent,69,20560992,yellow,AlphaBetaAgent,AlphaBetaAgent,-1,29,1.1507119999878341,0.5960847999958787
AlphaZeroAgent vs AlphaBetaAgent,70,20560993,yellow,AlphaBetaAgent,AlphaZeroAgent,1,28,1.1223053999856347,0.5116878999979235
AlphaZeroAgent vs AlphaBetaAgent,71,20560994,yellow,AlphaBetaAgent,AlphaBetaAgent,-1,35,1.374110800010385,0.7072717000264674
AlphaZeroAgent vs AlphaBetaAgent,72,20560995,yellow,AlphaBetaAgent,AlphaZeroAgent,1,24,0.9631972999923164,0.5790130999812391
AlphaZeroAgent vs AlphaBetaAgent,73,20560996,yellow,AlphaBetaAgent,AlphaZeroAgent,1,34,1.3518260999844642,0.6732455000164919
AlphaZeroAgent vs AlphaBetaAgent,74,20560997,yellow,AlphaBetaAgent,AlphaZeroAgent,1,36,1.4102097999566467,0.6330784999736352
AlphaZeroAgent vs AlphaBetaAgent,75,20560998,yellow,AlphaBetaAgent,AlphaBetaAgent,-1,15,0.5964081999845803,0.3730772999988403
AlphaZeroAgent vs AlphaBetaAgent,76,20560999,yellow,AlphaBetaAgent,AlphaBetaAgent,-1,33,1.3311315000173636,0.6647331999993185
AlphaZeroAgent vs AlphaBetaAgent,77,20561000,yellow,AlphaBetaAgent,AlphaBetaAgent,-1,21,0.8591095000010682,0.5456967999925837
AlphaZeroAgent vs AlphaBetaAgent,78,20561001,yellow,AlphaBetaAgent,AlphaBetaAgent,-1,17,0.7198616000096081,0.4359015000081854
AlphaZeroAgent vs AlphaBetaAgent,79,20561002,yellow,AlphaBetaAgent,AlphaBetaAgent,-1,23,0.955436699980055,0.5697448999708286
AlphaZeroAgent vs AlphaBetaAgent,80,20561003,yellow,AlphaBetaAgent,AlphaZeroAgent,1,40,1.5322931000264362,0.9742761000379687
AlphaZeroAgent vs AlphaBetaAgent,81,20561004,yellow,AlphaBetaAgent,AlphaZeroAgent,1,28,1.1008513000124367,0.5462419999821577
AlphaZeroAgent vs AlphaBetaAgent,82,20561005,yellow,AlphaBetaAgent,AlphaZeroAgent,1,30,1.205884299983154,0.6753564000246115
AlphaZeroAgent vs AlphaBetaAgent,83,20561006,yellow,AlphaBetaAgent,AlphaZeroAgent,1,18,0.7767649000015808,0.5131695000309264
AlphaZeroAgent vs AlphaBetaAgent,84,20561007,yellow,AlphaBetaAgent,AlphaBetaAgent,-1,25,1.0409386000101222,0.5220896999817342
AlphaZeroAgent vs AlphaBetaAgent,85,20561008,yellow,AlphaBetaAgent,AlphaBetaAgent,-1,19,0.7959344999981113,0.4429929999896558
AlphaZeroAgent vs AlphaBetaAgent,86,20561009,yellow,AlphaBetaAgent,AlphaBetaAgent,-1,33,1.2715800999721978,0.6757195000100182
AlphaZeroAgent vs AlphaBetaAgent,87,20561010,yellow,AlphaBetaAgent,AlphaBetaAgent,-1,13,0.5320725000201492,0.43648050000774674
AlphaZeroAgent vs AlphaBetaAgent,88,20561011,yellow,AlphaBetaAgent,draw,0,42,1.6113635999936378,0.788184800039744
AlphaZeroAgent vs AlphaBetaAgent,89,20561012,yellow,AlphaBetaAgent,AlphaBetaAgent,-1,15,0.6157774000312202,0.400293699989561
AlphaZeroAgent vs AlphaBetaAgent,90,20561013,yellow,AlphaBetaAgent,AlphaBetaAgent,-1,19,0.7915312999975868,0.4390737999783596
AlphaZeroAgent vs AlphaBetaAgent,91,20561014,yellow,AlphaBetaAgent,AlphaZeroAgent,1,30,1.210892499962938,0.7219964999676449
AlphaZeroAgent vs AlphaBetaAgent,92,20561015,yellow,AlphaBetaAgent,AlphaBetaAgent,-1,39,1.4289573999412823,0.6061297999694943
AlphaZeroAgent vs AlphaBetaAgent,93,20561016,yellow,AlphaBetaAgent,AlphaBetaAgent,-1,39,1.5504951999901095,0.8581728000135627
AlphaZeroAgent vs AlphaBetaAgent,94,20561017,yellow,AlphaBetaAgent,AlphaBetaAgent,-1,7,0.26170380000257865,0.16345790000923444
AlphaZeroAgent vs AlphaBetaAgent,95,20561018,yellow,AlphaBetaAgent,AlphaBetaAgent,-1,29,1.1975633000256494,0.5159536999854026
AlphaZeroAgent vs AlphaBetaAgent,96,20561019,yellow,AlphaBetaAgent,AlphaZeroAgent,1,26,1.095480000047246,0.645483600004809
AlphaZeroAgent vs AlphaBetaAgent,97,20561020,yellow,AlphaBetaAgent,AlphaBetaAgent,-1,19,0.7896380999591202,0.6215600000141421
AlphaZeroAgent vs AlphaBetaAgent,98,20561021,yellow,AlphaBetaAgent,AlphaZeroAgent,1,40,1.5482597000373062,0.5632815000135452
AlphaZeroAgent vs AlphaBetaAgent,99,20561022,yellow,AlphaBetaAgent,AlphaBetaAgent,-1,27,1.0570036999997683,0.6647419999935664
AlphaZeroAgent vs PositionEvalAgent,0,20660923,red,PositionEvalAgent,PositionEvalAgent,-1,18,0.774638299990329,3.329626399994595
AlphaZeroAgent vs PositionEvalAgent,1,20660924,red,PositionEvalAgent,PositionEvalAgent,-1,22,0.9037671000114642,3.853202499973122
AlphaZeroAgent vs PositionEvalAgent,2,20660925,red,PositionEvalAgent,PositionEvalAgent,-1,34,1.2982038999762153,4.439048600004753
AlphaZeroAgent vs PositionEvalAgent,3,20660926,red,PositionEvalAgent,PositionEvalAgent,-1,28,1.1568240000051446,3.86730060003174
AlphaZeroAgent vs PositionEvalAgent,4,20660927,red,PositionEvalAgent,PositionEvalAgent,-1,16,0.7091942000115523,3.2118106999696465
AlphaZeroAgent vs PositionEvalAgent,5,20660928,red,PositionEvalAgent,PositionEvalAgent,-1,18,0.8131091999966884,3.4053313999902457
AlphaZeroAgent vs PositionEvalAgent,6,20660929,red,PositionEvalAgent,PositionEvalAgent,-1,34,1.3214697999792406,2.9351734000229044
AlphaZeroAgent vs PositionEvalAgent,7,20660930,red,PositionEvalAgent,PositionEvalAgent,-1,24,1.0139853000437142,3.6824699999851873
AlphaZeroAgent vs PositionEvalAgent,8,20660931,red,PositionEvalAgent,PositionEvalAgent,-1,16,0.6980287000187673,2.3699752999818884
AlphaZeroAgent vs PositionEvalAgent,9,20660932,red,PositionEvalAgent,AlphaZeroAgent,1,25,1.0039795999618946,3.1237771000305656
AlphaZeroAgent vs PositionEvalAgent,10,20660933,red,PositionEvalAgent,PositionEvalAgent,-1,38,1.406815300011658,3.9851043000089703
AlphaZeroAgent vs PositionEvalAgent,11,20660934,red,PositionEvalAgent,PositionEvalAgent,-1,18,0.7834735000215005,3.8724740999750793
AlphaZeroAgent vs PositionEvalAgent,12,20660935,red,PositionEvalAgent,PositionEvalAgent,-1,26,1.0965651999867987,3.390791999991052
AlphaZeroAgent vs PositionEvalAgent,13,20660936,red,PositionEvalAgent,PositionEvalAgent,-1,18,0.8080441000347491,4.3391088000062155
AlphaZeroAgent vs PositionEvalAgent,14,20660937,red,PositionEvalAgent,PositionEvalAgent,-1,16,0.7095912999939173,3.2861006000021007
AlphaZeroAgent vs PositionEvalAgent,15,20660938,red,PositionEvalAgent,PositionEvalAgent,-1,10,0.45013859997561667,2.276970799997798
AlphaZeroAgent vs PositionEvalAgent,16,20660939,red,PositionEvalAgent,PositionEvalAgent,-1,18,0.7800300000235438,2.463312899970333
AlphaZeroAgent vs PositionEvalAgent,17,20660940,red,PositionEvalAgent,AlphaZeroAgent,1,31,1.3336416999518406,4.14720499998657
AlphaZeroAgent vs PositionEvalAgent,18,20660941,red,PositionEvalAgent,AlphaZeroAgent,1,29,1.1615380000293953,2.7124724000314018
AlphaZeroAgent vs PositionEvalAgent,19,20660942,red,PositionEvalAgent,AlphaZeroAgent,1,29,1.1718835000210674,3.007866100000683
AlphaZeroAgent vs PositionEvalAgent,20,20660943,red,PositionEvalAgent,AlphaZeroAgent,1,27,1.1229258000239497,2.7826027999835787
AlphaZeroAgent vs PositionEvalAgent,21,20660944,red,PositionEvalAgent,PositionEvalAgent,-1,28,1.1668688999925507,3.097732999973232
AlphaZeroAgent vs PositionEvalAgent,22,20660945,red,PositionEvalAgent,PositionEvalAgent,-1,16,0.7254969999776222,2.2423496000119485
AlphaZeroAgent vs PositionEvalAgent,23,20660946,red,PositionEvalAgent,AlphaZeroAgent,1,25,1.1057659000362037,3.912066999997478
AlphaZeroAgent vs PositionEvalAgent,24,20660947,red,PositionEvalAgent,AlphaZeroAgent,1,31,1.3039967000222532,3.7844046000100207
AlphaZeroAgent vs PositionEvalAgent,25,20660948,red,PositionEvalAgent,PositionEvalAgent,-1,26,1.1163425000122515,3.952579599994351
AlphaZeroAgent vs PositionEvalAgent,26,20660949,red,PositionEvalAgent,AlphaZeroAgent,1,25,1.0657476000051247,2.64164540002821
AlphaZeroAgent vs PositionEvalAgent,27,20660950,red,PositionEvalAgent,PositionEvalAgent,-1,14,0.643658900007722,2.192267999969772
AlphaZeroAgent vs PositionEvalAgent,28,20660951,red,PositionEvalAgent,PositionEvalAgent,-1,30,1.2347824999742443,2.6308172999852104
AlphaZeroAgent vs PositionEvalAgent,29,20660952,red,PositionEvalAgent,AlphaZeroAgent,1,25,1.0920497000042815,3.603315200016368
AlphaZeroAgent vs PositionEvalAgent,30,20660953,red,PositionEvalAgent,PositionEvalAgent,-1,18,0.8334640999964904,3.6690135999961058
AlphaZeroAgent vs PositionEvalAgent,31,20660954,red,PositionEvalAgent,AlphaZeroAgent,1,23,1.0271646000037435,3.5306587999803014
AlphaZeroAgent vs PositionEvalAgent,32,20660955,red,PositionEvalAgent,AlphaZeroAgent,1,25,1.1282206000032602,2.451544300027308
AlphaZeroAgent vs PositionEvalAgent,33,20660956,red,PositionEvalAgent,AlphaZeroAgent,1,25,1.2922798000072362,4.660561300028348
AlphaZeroAgent vs PositionEvalAgent,34,20660957,red,PositionEvalAgent,AlphaZeroAgent,1,23,1.1272651000326732,4.330699400001322
AlphaZeroAgent vs PositionEvalAgent,35,20660958,red,PositionEvalAgent,PositionEvalAgent,-1,32,1.3201950999500696,3.806846600040444
AlphaZeroAgent vs PositionEvalAgent,36,20660959,red,PositionEvalAgent,PositionEvalAgent,-1,18,1.38669219998701,3.6961953999998514
AlphaZeroAgent vs PositionEvalAgent,37,20660960,red,PositionEvalAgent,PositionEvalAgent,-1,8,0.7183666000055382,2.5257186999951955
AlphaZeroAgent vs PositionEvalAgent,38,20660961,red,PositionEvalAgent,PositionEvalAgent,-1,10,0.9146158999938052,4.36476769996807
AlphaZeroAgent vs PositionEvalAgent,39,20660962,red,PositionEvalAgent,PositionEvalAgent,-1,18,1.5579876000119839,4.890739799986477
AlphaZeroAgent vs PositionEvalAgent,40,20660963,red,PositionEvalAgent,PositionEvalAgent,-1,20,1.7475364999845624,7.178491499988013
AlphaZeroAgent vs PositionEvalAgent,41,20660964,red,PositionEvalAgent,AlphaZeroAgent,1,17,1.5254132999980357,4.010775500020827
AlphaZeroAgent vs PositionEvalAgent,42,20660965,red,PositionEvalAgent,PositionEvalAgent,-1,12,1.127499899972463,3.7463486999913584
AlphaZeroAgent vs PositionEvalAgent,43,20660966,red,PositionEvalAgent,PositionEvalAgent,-1,14,1.262673499979428,3.8063685999950394
AlphaZeroAgent vs PositionEvalAgent,44,20660967,red,PositionEvalAgent,PositionEvalAgent,-1,34,2.86654380003165,7.4691524999798276
AlphaZeroAgent vs PositionEvalAgent,45,20660968,red,PositionEvalAgent,AlphaZeroAgent,1,31,2.5709350000106497,6.180559600019478
AlphaZeroAgent vs PositionEvalAgent,46,20660969,red,PositionEvalAgent,AlphaZeroAgent,1,31,2.5994579000398517,8.436040500018862
AlphaZeroAgent vs PositionEvalAgent,47,20660970,red,PositionEvalAgent,PositionEvalAgent,-1,8,0.7204035000031581,2.2596431999991182
AlphaZeroAgent vs PositionEvalAgent,48,20660971,red,PositionEvalAgent,PositionEvalAgent,-1,28,2.23032869999588,4.1449190999846905
AlphaZeroAgent vs PositionEvalAgent,49,20660972,red,PositionEvalAgent,AlphaZeroAgent,1,27,2.455419499980053,5.164745100017171
AlphaZeroAgent vs PositionEvalAgent,50,20660973,yellow,PositionEvalAgent,PositionEvalAgent,-1,21,1.7443396999879042,8.54324009999982
AlphaZeroAgent vs PositionEvalAgent,51,20660974,yellow,PositionEvalAgent,AlphaZeroAgent,1,30,2.4424158000183525,9.98772199996165
AlphaZeroAgent vs PositionEvalAgent,52,20660975,yellow,PositionEvalAgent,PositionEvalAgent,-1,15,1.2709502000070643,6.869486300012795
AlphaZeroAgent vs PositionEvalAgent,53,20660976,yellow,PositionEvalAgent,PositionEvalAgent,-1,7,0.5479101999953855,3.08114789998217
AlphaZeroAgent vs PositionEvalAgent,54,20660977,yellow,PositionEvalAgent,PositionEvalAgent,-1,7,0.5529343999951379,2.9225681999960216
AlphaZeroAgent vs PositionEvalAgent,55,20660978,yellow,PositionEvalAgent,PositionEvalAgent,-1,7,0.5450847000029171,3.3900342999986606
AlphaZeroAgent vs PositionEvalAgent,56,20660979,yellow,PositionEvalAgent,PositionEvalAgent,-1,17,1.3754455000162125,7.773400700010825
AlphaZeroAgent vs PositionEvalAgent,57,20660980,yellow,PositionEvalAgent,PositionEvalAgent,-1,29,1.1469981000118423,5.425249400010216
AlphaZeroAgent vs PositionEvalAgent,58,20660981,yellow,PositionEvalAgent,PositionEvalAgent,-1,17,0.7160860000003595,4.578985999993165
AlphaZeroAgent vs PositionEvalAgent,59,20660982,yellow,PositionEvalAgent,PositionEvalAgent,-1,7,0.26720299999578856,1.7428510999889113
AlphaZeroAgent vs PositionEvalAgent,60,20660983,yellow,PositionEvalAgent,PositionEvalAgent,-1,29,2.356144699995639,6.919633200013777
AlphaZeroAgent vs PositionEvalAgent,61,20660984,yellow,PositionEvalAgent,PositionEvalAgent,-1,15,1.254805699994904,7.11144370000693
AlphaZeroAgent vs PositionEvalAgent,62,20660985,yellow,PositionEvalAgent,PositionEvalAgent,-1,19,1.573787999994238,9.145043600001372
AlphaZeroAgent vs PositionEvalAgent,63,20660986,yellow,PositionEvalAgent,PositionEvalAgent,-1,35,2.748258499952499,10.412310799962142
AlphaZeroAgent vs PositionEvalAgent,64,20660987,yellow,PositionEvalAgent,PositionEvalAgent,-1,21,1.7860046999849146,7.2980610999511555
AlphaZeroAgent vs PositionEvalAgent,65,20660988,yellow,PositionEvalAgent,PositionEvalAgent,-1,21,1.7314594000054058,6.071425099988119
AlphaZeroAgent vs PositionEvalAgent,66,20660989,yellow,PositionEvalAgent,PositionEvalAgent,-1,7,0.5471283999941079,2.9384543000196572
AlphaZeroAgent vs PositionEvalAgent,67,20660990,yellow,PositionEvalAgent,PositionEvalAgent,-1,17,0.9150454999908106,5.721637499998906
AlphaZeroAgent vs PositionEvalAgent,68,20660991,yellow,PositionEvalAgent,PositionEvalAgent,-1,7,0.2661459999944782,1.6812597999814898
AlphaZeroAgent vs PositionEvalAgent,69,20660992,yellow,PositionEvalAgent,PositionEvalAgent,-1,7,0.2680638000019826,1.6720329000090715
AlphaZeroAgent vs PositionEvalAgent,70,20660993,yellow,PositionEvalAgent,PositionEvalAgent,-1,17,0.8195267999690259,5.587633300005109
AlphaZeroAgent vs PositionEvalAgent,71,20660994,yellow,PositionEvalAgent,PositionEvalAgent,-1,7,0.5438673000026029,2.861009500018554
AlphaZeroAgent vs PositionEvalAgent,72,20660995,yellow,PositionEvalAgent,PositionEvalAgent,-1,7,0.5423783000005642,3.3161459999828367
AlphaZeroAgent vs PositionEvalAgent,73,20660996,yellow,PositionEvalAgent,PositionEvalAgent,-1,31,2.490748700001859,9.596771700016689
AlphaZeroAgent vs PositionEvalAgent,74,20660997,yellow,PositionEvalAgent,PositionEvalAgent,-1,27,2.246390300031635,10.49915490001149
AlphaZeroAgent vs PositionEvalAgent,75,20660998,yellow,PositionEvalAgent,PositionEvalAgent,-1,33,1.5898339999985183,6.726434100011829
AlphaZeroAgent vs PositionEvalAgent,76,20660999,yellow,PositionEvalAgent,PositionEvalAgent,-1,33,1.27447409996239,4.460967199964216
AlphaZeroAgent vs PositionEvalAgent,77,20661000,yellow,PositionEvalAgent,PositionEvalAgent,-1,11,0.4427342000126373,3.320737400019425
AlphaZeroAgent vs PositionEvalAgent,78,20661001,yellow,PositionEvalAgent,PositionEvalAgent,-1,23,0.8758020999957807,4.211326499993447
AlphaZeroAgent vs PositionEvalAgent,79,20661002,yellow,PositionEvalAgent,PositionEvalAgent,-1,11,0.45527710000169463,2.920096799993189
AlphaZeroAgent vs PositionEvalAgent,80,20661003,yellow,PositionEvalAgent,PositionEvalAgent,-1,7,0.26894999999785796,1.6328242999879876
AlphaZeroAgent vs PositionEvalAgent,81,20661004,yellow,PositionEvalAgent,PositionEvalAgent,-1,7,0.27045640000142157,1.6755495000106748
AlphaZeroAgent vs PositionEvalAgent,82,20661005,yellow,PositionEvalAgent,PositionEvalAgent,-1,11,0.430399499979103,3.0534239999833517
AlphaZeroAgent vs PositionEvalAgent,83,20661006,yellow,PositionEvalAgent,AlphaZeroAgent,1,36,1.358893300013733,6.016313999978593
AlphaZeroAgent vs PositionEvalAgent,84,20661007,yellow,PositionEvalAgent,PositionEvalAgent,-1,19,0.7803939000004902,4.6577677999739535
AlphaZeroAgent vs PositionEvalAgent,85,20661008,yellow,PositionEvalAgent,PositionEvalAgent,-1,7,0.2639177000091877,1.6595796999899903
AlphaZeroAgent vs PositionEvalAgent,86,20661009,yellow,PositionEvalAgent,PositionEvalAgent,-1,7,0.2619705000251997,1.852644299986423
AlphaZeroAgent vs PositionEvalAgent,87,20661010,yellow,PositionEvalAgent,PositionEvalAgent,-1,17,0.694173400013824,5.1518292000109795
AlphaZeroAgent vs PositionEvalAgent,88,20661011,yellow,PositionEvalAgent,PositionEvalAgent,-1,11,0.4428578000079142,2.7595891999808373
AlphaZeroAgent vs PositionEvalAgent,89,20661012,yellow,PositionEvalAgent,PositionEvalAgent,-1,19,0.7976809000101639,4.789921999996295
AlphaZeroAgent vs PositionEvalAgent,90,20661013,yellow,PositionEvalAgent,PositionEvalAgent,-1,7,0.26835330000903923,1.6331470000295667
AlphaZeroAgent vs PositionEvalAgent,91,20661014,yellow,PositionEvalAgent,PositionEvalAgent,-1,7,0.26272520000929944,1.8387365999951726
AlphaZeroAgent vs PositionEvalAgent,92,20661015,yellow,PositionEvalAgent,PositionEvalAgent,-1,7,0.26663850000477396,1.5749781999911647
AlphaZeroAgent vs PositionEvalAgent,93,20661016,yellow,PositionEvalAgent,PositionEvalAgent,-1,7,0.271331600000849,1.6939634000009391
AlphaZeroAgent vs PositionEvalAgent,94,20661017,yellow,PositionEvalAgent,PositionEvalAgent,-1,11,0.4333508999989135,3.0838485000131186
AlphaZeroAgent vs PositionEvalAgent,95,20661018,yellow,PositionEvalAgent,PositionEvalAgent,-1,23,1.2145615999615984,5.090797599987127
AlphaZeroAgent vs PositionEvalAgent,96,20661019,yellow,PositionEvalAgent,PositionEvalAgent,-1,7,0.5491342000022996,3.1467851000197697
AlphaZeroAgent vs PositionEvalAgent,97,20661020,yellow,PositionEvalAgent,PositionEvalAgent,-1,7,0.540411399997538,2.85571059997892
AlphaZeroAgent vs PositionEvalAgent,98,20661021,yellow,PositionEvalAgent,PositionEvalAgent,-1,17,1.2765591999923345,6.728950800024904
AlphaZeroAgent vs PositionEvalAgent,99,20661022,yellow,PositionEvalAgent,PositionEvalAgent,-1,25,1.0381676999677438,5.185787300011725
AlphaZeroAgent vs MCTSAgent,0,20760923,red,MCTSAgent,AlphaZeroAgent,1,23,1.0220019000116736,0.15489159998833202
AlphaZeroAgent vs MCTSAgent,1,20760924,red,MCTSAgent,MCTSAgent,-1,24,0.9915333999961149,0.15607440000167117
AlphaZeroAgent vs MCTSAgent,2,20760925,red,MCTSAgent,MCTSAgent,-1,24,1.0063679000159027,0.15895820000150707
AlphaZeroAgent vs MCTSAgent,3,20760926,red,MCTSAgent,AlphaZeroAgent,1,23,1.019339900027262,0.15489759999036323
AlphaZeroAgent vs MCTSAgent,4,20760927,red,MCTSAgent,AlphaZeroAgent,1,11,0.5143951000209199,0.07664730002579745
AlphaZeroAgent vs MCTSAgent,5,20760928,red,MCTSAgent,MCTSAgent,-1,34,1.4247582999669248,0.23417739996511955
AlphaZeroAgent vs MCTSAgent,6,20760929,red,MCTSAgent,AlphaZeroAgent,1,7,0.3375367999833543,0.04548939998494461
AlphaZeroAgent vs MCTSAgent,7,20760930,red,MCTSAgent,MCTSAgent,-1,18,0.8247528000065358,0.13414589998137672
AlphaZeroAgent vs MCTSAgent,8,20760931,red,MCTSAgent,MCTSAgent,-1,10,0.44850359996780753,0.06921039997541811
AlphaZeroAgent vs MCTSAgent,9,20760932,red,MCTSAgent,MCTSAgent,-1,18,0.8185856999771204,0.12865559999772813
AlphaZeroAgent vs MCTSAgent,10,20760933,red,MCTSAgent,AlphaZeroAgent,1,9,0.43114269997749943,0.0602091000037035
AlphaZeroAgent vs MCTSAgent,11,20760934,red,MCTSAgent,AlphaZeroAgent,1,13,0.619878300014534,0.09246609995898325
AlphaZeroAgent vs MCTSAgent,12,20760935,red,MCTSAgent,MCTSAgent,-1,16,0.72626590001164,0.11419770000793505
AlphaZeroAgent vs MCTSAgent,13,20760936,red,MCTSAgent,MCTSAgent,-1,20,0.8683660999813583,0.13774589999229647
AlphaZeroAgent vs MCTSAgent,14,20760937,red,MCTSAgent,MCTSAgent,-1,22,0.9537711000011768,0.15207399999781046
AlphaZeroAgent vs MCTSAgent,15,20760938,red,MCTSAgent,MCTSAgent,-1,16,0.7235239000001457,0.11458960000891238
AlphaZeroAgent vs MCTSAgent,16,20760939,red,MCTSAgent,AlphaZeroAgent,1,23,1.0233233000180917,0.15863489999901503
AlphaZeroAgent vs MCTSAgent,17,20760940,red,MCTSAgent,MCTSAgent,-1,10,0.4658052000013413,0.07733419997384772
AlphaZeroAgent vs MCTSAgent,18,20760941,red,MCTSAgent,AlphaZeroAgent,1,25,1.1266767000051914,0.16844480000145268
AlphaZeroAgent vs MCTSAgent,19,20760942,red,MCTSAgent,AlphaZeroAgent,1,9,0.42340949999925215,0.059864099996048026
AlphaZeroAgent vs MCTSAgent,20,20760943,red,MCTSAgent,AlphaZeroAgent,1,11,0.5373229000106221,0.07640190001984593
AlphaZeroAgent vs MCTSAgent,21,20760944,red,MCTSAgent,MCTSAgent,-1,30,1.2841020000196295,0.20777829995495267
AlphaZeroAgent vs MCTSAgent,22,20760945,red,MCTSAgent,MCTSAgent,-1,18,0.7912869999854593,0.12363029998959973
AlphaZeroAgent vs MCTSAgent,23,20760946,red,MCTSAgent,MCTSAgent,-1,16,0.7488976000022376,0.11792759997479152
AlphaZeroAgent vs MCTSAgent,24,20760947,red,MCTSAgent,MCTSAgent,-1,12,0.5660504999832483,0.0929578999930527
AlphaZeroAgent vs MCTSAgent,25,20760948,red,MCTSAgent,MCTSAgent,-1,20,0.8506736999988789,0.1339871999953175
AlphaZeroAgent vs MCTSAgent,26,20760949,red,MCTSAgent,AlphaZeroAgent,1,9,0.441925999999512,0.06212399998912588
AlphaZeroAgent vs MCTSAgent,27,20760950,red,MCTSAgent,AlphaZeroAgent,1,11,0.5232673000282375,0.07500440000148956
AlphaZeroAgent vs MCTSAgent,28,20760951,red,MCTSAgent,MCTSAgent,-1,24,1.068235900005675,0.1672211999684805
AlphaZeroAgent vs MCTSAgent,29,20760952,red,MCTSAgent,MCTSAgent,-1,22,0.9887278999958653,0.1553126000071643
AlphaZeroAgent vs MCTSAgent,30,20760953,red,MCTSAgent,AlphaZeroAgent,1,13,0.6036055000149645,0.08497289998922497
AlphaZeroAgent vs MCTSAgent,31,20760954,red,MCTSAgent,MCTSAgent,-1,12,0.5487966999789933,0.08705279999412596
AlphaZeroAgent vs MCTSAgent,32,20760955,red,MCTSAgent,MCTSAgent,-1,16,0.7298497000301722,0.11338549996435177
AlphaZeroAgent vs MCTSAgent,33,20760956,red,MCTSAgent,AlphaZeroAgent,1,15,0.6808867000072496,0.10677640000358224
AlphaZeroAgent vs MCTSAgent,34,20760957,red,MCTSAgent,MCTSAgent,-1,12,0.5648590000055265,0.08887020003749058
AlphaZeroAgent vs MCTSAgent,35,20760958,red,MCTSAgent,MCTSAgent,-1,18,0.8154713999974774,0.13096880001830868
AlphaZeroAgent vs MCTSAgent,36,20760959,red,MCTSAgent,AlphaZeroAgent,1,27,1.1779747000109637,0.18143710002186708
AlphaZeroAgent vs MCTSAgent,37,20760960,red,MCTSAgent,AlphaZeroAgent,1,21,0.9852713000000222,0.14979290001792833
AlphaZeroAgent vs MCTSAgent,38,20760961,red,MCTSAgent,AlphaZeroAgent,1,9,0.4182350999908522,0.05977279999933671
AlphaZeroAgent vs MCTSAgent,39,20760962,red,MCTSAgent,MCTSAgent,-1,34,1.4764448999776505,0.23603869997896254
AlphaZeroAgent vs MCTSAgent,40,20760963,red,MCTSAgent,MCTSAgent,-1,26,1.1647903000121005,0.18896570002834778
AlphaZeroAgent vs MCTSAgent,41,20760964,red,MCTSAgent,AlphaZeroAgent,1,11,0.522962400020333,0.07708350000029895
AlphaZeroAgent vs MCTSAgent,42,20760965,red,MCTSAgent,AlphaZeroAgent,1,17,0.7693693000037456,0.11805620002269279
AlphaZeroAgent vs MCTSAgent,43,20760966,red,MCTSAgent,MCTSAgent,-1,10,0.4483732000080636,0.07033519999822602
AlphaZeroAgent vs MCTSAgent,44,20760967,red,MCTSAgent,MCTSAgent,-1,12,0.5516637999826344,0.08729480000329204
AlphaZeroAgent vs MCTSAgent,45,20760968,red,MCTSAgent,AlphaZeroAgent,1,25,1.1121779000095557,0.17287180000857916
AlphaZeroAgent vs MCTSAgent,46,20760969,red,MCTSAgent,AlphaZeroAgent,1,7,0.3410487999935867,0.0491726999898674
AlphaZeroAgent vs MCTSAgent,47,20760970,red,MCTSAgent,AlphaZeroAgent,1,9,0.43710369999462273,0.06248109998705331
AlphaZeroAgent vs MCTSAgent,48,20760971,red,MCTSAgent,MCTSAgent,-1,8,0.378293500005384,0.060912599990842864
AlphaZeroAgent vs MCTSAgent,49,20760972,red,MCTSAgent,MCTSAgent,-1,16,0.7356311000039568,0.11878099999739788
AlphaZeroAgent vs MCTSAgent,50,20760973,yellow,MCTSAgent,MCTSAgent,-1,17,0.6892584999586688,0.1262340000248514
AlphaZeroAgent vs MCTSAgent,51,20760974,yellow,MCTSAgent,AlphaZeroAgent,1,12,0.506142899976112,0.09258419998514
AlphaZeroAgent vs MCTSAgent,52,20760975,yellow,MCTSAgent,MCTSAgent,-1,7,0.2717710000142688,0.05847620000713505
AlphaZeroAgent vs MCTSAgent,53,20760976,yellow,MCTSAgent,MCTSAgent,-1,17,0.6972009999881266,0.12828170001739636
AlphaZeroAgent vs MCTSAgent,54,20760977,yellow,MCTSAgent,MCTSAgent,-1,15,0.6308835000090767,0.11644289999094326
AlphaZeroAgent vs MCTSAgent,55,20760978,yellow,MCTSAgent,MCTSAgent,-1,25,1.0292253000079654,0.1874354000465246
AlphaZeroAgent vs MCTSAgent,56,20760979,yellow,MCTSAgent,AlphaZeroAgent,1,8,0.33441969999694265,0.061491200016462244
AlphaZeroAgent vs MCTSAgent,57,20760980,yellow,MCTSAgent,MCTSAgent,-1,7,0.2650329000025522,0.05780840000079479
AlphaZeroAgent vs MCTSAgent,58,20760981,yellow,MCTSAgent,MCTSAgent,-1,9,0.348490899981698,0.07768869999563321
AlphaZeroAgent vs MCTSAgent,59,20760982,yellow,MCTSAgent,MCTSAgent,-1,15,0.6188328000134788,0.11535049999656621
AlphaZeroAgent vs MCTSAgent,60,20760983,yellow,MCTSAgent,AlphaZeroAgent,1,26,1.108764799995697,0.18899799999780953
AlphaZeroAgent vs MCTSAgent,61,20760984,yellow,MCTSAgent,MCTSAgent,-1,21,0.8822593999793753,0.16308939996815752
AlphaZeroAgent vs MCTSAgent,62,20760985,yellow,MCTSAgent,AlphaZeroAgent,1,10,0.42705350001051556,0.0775444000173593
AlphaZeroAgent vs MCTSAgent,63,20760986,yellow,MCTSAgent,MCTSAgent,-1,27,1.094841499987524,0.19058399999630637
AlphaZeroAgent vs MCTSAgent,64,20760987,yellow,MCTSAgent,MCTSAgent,-1,7,0.27489040000364184,0.061420700018061325
AlphaZeroAgent vs MCTSAgent,65,20760988,yellow,MCTSAgent,AlphaZeroAgent,1,30,1.2537269000022206,0.20977259999199305
AlphaZeroAgent vs MCTSAgent,66,20760989,yellow,MCTSAgent,MCTSAgent,-1,11,0.46706470001663547,0.09377179999137297
AlphaZeroAgent vs MCTSAgent,67,20760990,yellow,MCTSAgent,AlphaZeroAgent,1,24,1.0336850000021514,0.17728100004023872
AlphaZeroAgent vs MCTSAgent,68,20760991,yellow,MCTSAgent,AlphaZeroAgent,1,26,1.0417615000187652,0.17559349998191465
AlphaZeroAgent vs MCTSAgent,69,20760992,yellow,MCTSAgent,MCTSAgent,-1,25,1.0294903999892995,0.18606069999805186
AlphaZeroAgent vs MCTSAgent,70,20760993,yellow,MCTSAgent,MCTSAgent,-1,21,0.8949785999866435,0.1620880999835208
AlphaZeroAgent vs MCTSAgent,71,20760994,yellow,MCTSAgent,MCTSAgent,-1,7,0.2515887999761617,0.056743199995253235
AlphaZeroAgent vs MCTSAgent,72,20760995,yellow,MCTSAgent,MCTSAgent,-1,15,0.6660977999999886,0.12138339999364689
AlphaZeroAgent vs MCTSAgent,73,20760996,yellow,MCTSAgent,AlphaZeroAgent,1,20,0.8555956999916816,0.1454509000031976
AlphaZeroAgent vs MCTSAgent,74,20760997,yellow,MCTSAgent,MCTSAgent,-1,21,0.903221999964444,0.15817580003931653
AlphaZeroAgent vs MCTSAgent,75,20760998,yellow,MCTSAgent,MCTSAgent,-1,21,0.8769061999919359,0.15869449997262564
AlphaZeroAgent vs MCTSAgent,76,20760999,yellow,MCTSAgent,MCTSAgent,-1,31,1.2380504999891855,0.21170200002961792
AlphaZeroAgent vs MCTSAgent,77,20761000,yellow,MCTSAgent,MCTSAgent,-1,21,0.89163300000655,0.15718599998217542
AlphaZeroAgent vs MCTSAgent,78,20761001,yellow,MCTSAgent,MCTSAgent,-1,17,0.6982136000005994,0.12720620002073701
AlphaZeroAgent vs MCTSAgent,79,20761002,yellow,MCTSAgent,MCTSAgent,-1,11,0.4542951000039466,0.08761230001982767
AlphaZeroAgent vs MCTSAgent,80,20761003,yellow,MCTSAgent,MCTSAgent,-1,23,0.9581711000209907,0.169213800036232
AlphaZeroAgent vs MCTSAgent,81,20761004,yellow,MCTSAgent,AlphaZeroAgent,1,32,1.352754300023662,0.2258371000207262
AlphaZeroAgent vs MCTSAgent,82,20761005,yellow,MCTSAgent,MCTSAgent,-1,19,0.7800650999997742,0.14481690000684466
AlphaZeroAgent vs MCTSAgent,83,20761006,yellow,MCTSAgent,MCTSAgent,-1,19,0.8276040000055218,0.14556070002436172
AlphaZeroAgent vs MCTSAgent,84,20761007,yellow,MCTSAgent,MCTSAgent,-1,15,0.6340376000152901,0.11664399999426678
AlphaZeroAgent vs MCTSAgent,85,20761008,yellow,MCTSAgent,MCTSAgent,-1,7,0.2738744000089355,0.0605298999871593
AlphaZeroAgent vs MCTSAgent,86,20761009,yellow,MCTSAgent,MCTSAgent,-1,19,0.7866371999989497,0.14491580000321846
AlphaZeroAgent vs MCTSAgent,87,20761010,yellow,MCTSAgent,MCTSAgent,-1,15,0.6364129999856232,0.11739549999765586
AlphaZeroAgent vs MCTSAgent,88,20761011,yellow,MCTSAgent,MCTSAgent,-1,21,0.8825927999860141,0.15771240000321995
AlphaZeroAgent vs MCTSAgent,89,20761012,yellow,MCTSAgent,MCTSAgent,-1,23,0.9350832999916747,0.16963159997249022
AlphaZeroAgent vs MCTSAgent,90,20761013,yellow,MCTSAgent,MCTSAgent,-1,17,0.7356756000372116,0.13251109997509047
AlphaZeroAgent vs MCTSAgent,91,20761014,yellow,MCTSAgent,MCTSAgent,-1,29,1.2023748999636155,0.20884920000389684
AlphaZeroAgent vs MCTSAgent,92,20761015,yellow,MCTSAgent,AlphaZeroAgent,1,32,1.3431647999823326,0.22468960002879612
AlphaZeroAgent vs MCTSAgent,93,20761016,yellow,MCTSAgent,MCTSAgent,-1,7,0.26399220000894275,0.05708160001086071
AlphaZeroAgent vs MCTSAgent,94,20761017,yellow,MCTSAgent,MCTSAgent,-1,7,0.26020810000773054,0.05623390000255313
AlphaZeroAgent vs MCTSAgent,95,20761018,yellow,MCTSAgent,AlphaZeroAgent,1,28,1.153354300025967,0.19368539997958578
AlphaZeroAgent vs MCTSAgent,96,20761019,yellow,MCTSAgent,AlphaZeroAgent,1,10,0.43377189998864196,0.0880697999818949
AlphaZeroAgent vs MCTSAgent,97,20761020,yellow,MCTSAgent,MCTSAgent,-1,11,0.4693753000028664,0.08859250000386965
AlphaZeroAgent vs MCTSAgent,98,20761021,yellow,MCTSAgent,MCTSAgent,-1,19,0.835782800000743,0.1491087000031257
AlphaZeroAgent vs MCTSAgent,99,20761022,yellow,MCTSAgent,MCTSAgent,-1,19,0.7983737000176916,0.14621939999051392
AlphaZeroAgent vs AlphaGoAgent,0,20860923,red,AlphaGoAgent,AlphaGoAgent,-1,16,0.7413095999800134,0.7017212000064319
AlphaZeroAgent vs AlphaGoAgent,1,20860924,red,AlphaGoAgent,AlphaGoAgent,-1,22,0.9524995999672683,0.9367071000306169
AlphaZeroAgent vs AlphaGoAgent,2,20860925,red,AlphaGoAgent,AlphaGoAgent,-1,32,1.3257254000054672,1.3254178999486612
AlphaZeroAgent vs AlphaGoAgent,3,20860926,red,AlphaGoAgent,AlphaZeroAgent,1,13,0.6314628000109224,0.5603855000081239
AlphaZeroAgent vs AlphaGoAgent,4,20860927,red,AlphaGoAgent,AlphaZeroAgent,1,9,0.43673060000583064,0.3700634999986505
AlphaZeroAgent vs AlphaGoAgent,5,20860928,red,AlphaGoAgent,AlphaZeroAgent,1,23,1.0603394000063417,0.9935314999747789
AlphaZeroAgent vs AlphaGoAgent,6,20860929,red,AlphaGoAgent,AlphaZeroAgent,1,13,0.6045500999753131,0.5208006000029854
AlphaZeroAgent vs AlphaGoAgent,7,20860930,red,AlphaGoAgent,AlphaGoAgent,-1,26,1.1358132999885129,1.08440220002376
AlphaZeroAgent vs AlphaGoAgent,8,20860931,red,AlphaGoAgent,AlphaGoAgent,-1,24,1.0435276000353042,1.0050335000269115
AlphaZeroAgent vs AlphaGoAgent,9,20860932,red,AlphaGoAgent,AlphaZeroAgent,1,21,0.9340191000082996,0.838474899996072
AlphaZeroAgent vs AlphaGoAgent,10,20860933,red,AlphaGoAgent,AlphaGoAgent,-1,30,1.2942553999600932,1.2471799000049941
AlphaZeroAgent vs AlphaGoAgent,11,20860934,red,AlphaGoAgent,AlphaZeroAgent,1,7,0.33639809998567216,0.2685191000200575
AlphaZeroAgent vs AlphaGoAgent,12,20860935,red,AlphaGoAgent,AlphaGoAgent,-1,30,1.3356940999947255,1.2941738000372425
AlphaZeroAgent vs AlphaGoAgent,13,20860936,red,AlphaGoAgent,AlphaGoAgent,-1,34,1.414982799993595,1.370143599982839
AlphaZeroAgent vs AlphaGoAgent,14,20860937,red,AlphaGoAgent,AlphaGoAgent,-1,12,0.548602100010612,0.5174186000222107
AlphaZeroAgent vs AlphaGoAgent,15,20860938,red,AlphaGoAgent,AlphaGoAgent,-1,24,1.0288151999848196,0.9936549999983981
AlphaZeroAgent vs AlphaGoAgent,16,20860939,red,AlphaGoAgent,AlphaGoAgent,-1,14,0.615248900023289,0.5787971999961883
AlphaZeroAgent vs AlphaGoAgent,17,20860940,red,AlphaGoAgent,AlphaZeroAgent,1,37,1.5182511999591952,1.4148536999855423
AlphaZeroAgent vs AlphaGoAgent,18,20860941,red,AlphaGoAgent,AlphaZeroAgent,1,15,0.7211558999988483,0.6442163000028813
AlphaZeroAgent vs AlphaGoAgent,19,20860942,red,AlphaGoAgent,AlphaZeroAgent,1,23,1.0711850999941817,1.0086197000055108
AlphaZeroAgent vs AlphaGoAgent,20,20860943,red,AlphaGoAgent,AlphaGoAgent,-1,20,0.898298900006921,0.8644506000273395
AlphaZeroAgent vs AlphaGoAgent,21,20860944,red,AlphaGoAgent,AlphaGoAgent,-1,16,0.7371708000282524,0.6913895999750821
AlphaZeroAgent vs AlphaGoAgent,22,20860945,red,AlphaGoAgent,AlphaGoAgent,-1,26,1.1385534999863012,1.119179699991946
AlphaZeroAgent vs AlphaGoAgent,23,20860946,red,AlphaGoAgent,AlphaGoAgent,-1,28,1.2415775999979815,1.2118088000133866
AlphaZeroAgent vs AlphaGoAgent,24,20860947,red,AlphaGoAgent,AlphaZeroAgent,1,11,0.5051119000127073,0.4374830999877304
AlphaZeroAgent vs AlphaGoAgent,25,20860948,red,AlphaGoAgent,AlphaGoAgent,-1,24,1.023575199986226,1.0114847000077134
AlphaZeroAgent vs AlphaGoAgent,26,20860949,red,AlphaGoAgent,AlphaZeroAgent,1,13,0.6177859999879729,0.5398153000132879
AlphaZeroAgent vs AlphaGoAgent,27,20860950,red,AlphaGoAgent,AlphaGoAgent,-1,34,1.4666616000176873,1.4275147000007564
AlphaZeroAgent vs AlphaGoAgent,28,20860951,red,AlphaGoAgent,AlphaGoAgent,-1,18,0.8136980999988737,0.7917201999662211
AlphaZeroAgent vs AlphaGoAgent,29,20860952,red,AlphaGoAgent,AlphaGoAgent,-1,24,1.0723923000186915,1.0437040000106208
AlphaZeroAgent vs AlphaGoAgent,30,20860953,red,AlphaGoAgent,AlphaZeroAgent,1,17,0.7768442000087816,0.6943433000269579
AlphaZeroAgent vs AlphaGoAgent,31,20860954,red,AlphaGoAgent,AlphaGoAgent,-1,28,1.2056085000222083,1.179971099976683
AlphaZeroAgent vs AlphaGoAgent,32,20860955,red,AlphaGoAgent,AlphaGoAgent,-1,22,0.9958457999746315,0.9584635999490274
AlphaZeroAgent vs AlphaGoAgent,33,20860956,red,AlphaGoAgent,AlphaZeroAgent,1,31,1.3074646000168286,1.2210212999780197
AlphaZeroAgent vs AlphaGoAgent,34,20860957,red,AlphaGoAgent,AlphaGoAgent,-1,24,1.0348941000120249,1.0322064999782015
AlphaZeroAgent vs AlphaGoAgent,35,20860958,red,AlphaGoAgent,AlphaZeroAgent,1,21,0.9763028000161285,0.9008443999919109
AlphaZeroAgent vs AlphaGoAgent,36,20860959,red,AlphaGoAgent,AlphaGoAgent,-1,28,1.1913654000527458,1.1681296000169823
AlphaZeroAgent vs AlphaGoAgent,37,20860960,red,AlphaGoAgent,AlphaZeroAgent,1,21,0.9830711999820778,0.9186889999837149
AlphaZeroAgent vs AlphaGoAgent,38,20860961,red,AlphaGoAgent,AlphaGoAgent,-1,12,0.56388989998959,0.5157858000166016
AlphaZeroAgent vs AlphaGoAgent,39,20860962,red,AlphaGoAgent,AlphaGoAgent,-1,20,0.8839399999851594,0.846508000016911
AlphaZeroAgent vs AlphaGoAgent,40,20860963,red,AlphaGoAgent,AlphaZeroAgent,1,27,1.2034807999880286,1.1578774000081467
AlphaZeroAgent vs AlphaGoAgent,41,20860964,red,AlphaGoAgent,AlphaZeroAgent,1,15,0.6664679999958025,0.6007915000081994
AlphaZeroAgent vs AlphaGoAgent,42,20860965,red,AlphaGoAgent,AlphaZeroAgent,1,9,0.4069268000021111,0.33819569999468513
AlphaZeroAgent vs AlphaGoAgent,43,20860966,red,AlphaGoAgent,AlphaZeroAgent,1,23,1.0241803000390064,0.9666511999967042
AlphaZeroAgent vs AlphaGoAgent,44,20860967,red,AlphaGoAgent,AlphaGoAgent,-1,26,1.1582009999983711,1.1413897999736946
AlphaZeroAgent vs AlphaGoAgent,45,20860968,red,AlphaGoAgent,AlphaZeroAgent,1,13,0.5841579000116326,0.5153028999920934
AlphaZeroAgent vs AlphaGoAgent,46,20860969,red,AlphaGoAgent,AlphaZeroAgent,1,11,0.5337895000120625,0.4653678999748081
AlphaZeroAgent vs AlphaGoAgent,47,20860970,red,AlphaGoAgent,AlphaGoAgent,-1,20,0.8882286000298336,0.8660490999609465
AlphaZeroAgent vs AlphaGoAgent,48,20860971,red,AlphaGoAgent,AlphaGoAgent,-1,28,1.2285910000500735,1.2184339000523323
AlphaZeroAgent vs AlphaGoAgent,49,20860972,red,AlphaGoAgent,AlphaZeroAgent,1,15,0.7004564000235405,0.6182595999998739
AlphaZeroAgent vs AlphaGoAgent,50,20860973,yellow,AlphaGoAgent,AlphaGoAgent,-1,33,1.3226915000122972,1.3920992000348633
AlphaZeroAgent vs AlphaGoAgent,51,20860974,yellow,AlphaGoAgent,AlphaGoAgent,-1,35,1.4375948000088101,1.5155094999499852
AlphaZeroAgent vs AlphaGoAgent,52,20860975,yellow,AlphaGoAgent,AlphaGoAgent,-1,19,0.7865710999903968,0.8695747000019765
AlphaZeroAgent vs AlphaGoAgent,53,20860976,yellow,AlphaGoAgent,AlphaGoAgent,-1,25,1.0337884999753442,1.1090650999976788
AlphaZeroAgent vs AlphaGoAgent,54,20860977,yellow,AlphaGoAgent,AlphaGoAgent,-1,17,0.6877265000221087,0.7622268999839434
AlphaZeroAgent vs AlphaGoAgent,55,20860978,yellow,AlphaGoAgent,AlphaGoAgent,-1,25,1.023342300002696,1.0877289000054589
AlphaZeroAgent vs AlphaGoAgent,56,20860979,yellow,AlphaGoAgent,AlphaZeroAgent,1,12,0.496805199974915,0.5263437000248814
AlphaZeroAgent vs AlphaGoAgent,57,20860980,yellow,AlphaGoAgent,AlphaZeroAgent,1,12,0.528535000004922,0.5663625000161119
AlphaZeroAgent vs AlphaGoAgent,58,20860981,yellow,AlphaGoAgent,AlphaZeroAgent,1,18,0.7487351000163471,0.7746231000346597
AlphaZeroAgent vs AlphaGoAgent,59,20860982,yellow,AlphaGoAgent,AlphaZeroAgent,1,32,1.300696499994956,1.3442777000018395
AlphaZeroAgent vs AlphaGoAgent,60,20860983,yellow,AlphaGoAgent,AlphaGoAgent,-1,13,0.5281822999968426,0.5982370999699924
AlphaZeroAgent vs AlphaGoAgent,61,20860984,yellow,AlphaGoAgent,AlphaGoAgent,-1,27,1.1276721999747679,1.1991104999906383
AlphaZeroAgent vs AlphaGoAgent,62,20860985,yellow,AlphaGoAgent,AlphaGoAgent,-1,25,0.9985165999969468,1.0501973000209546
AlphaZeroAgent vs AlphaGoAgent,63,20860986,yellow,AlphaGoAgent,AlphaGoAgent,-1,15,0.6232728000031784,0.678064199979417
AlphaZeroAgent vs AlphaGoAgent,64,20860987,yellow,AlphaGoAgent,AlphaGoAgent,-1,19,0.8134037000127137,0.8676387000014074
AlphaZeroAgent vs AlphaGoAgent,65,20860988,yellow,AlphaGoAgent,AlphaZeroAgent,1,20,0.8192831999913324,0.8614030000171624
AlphaZeroAgent vs AlphaGoAgent,66,20860989,yellow,AlphaGoAgent,AlphaZeroAgent,1,18,0.7122088999894913,0.7553361000173027
AlphaZeroAgent vs AlphaGoAgent,67,20860990,yellow,AlphaGoAgent,AlphaGoAgent,-1,17,0.7192210999783128,0.7902227000304265
AlphaZeroAgent vs AlphaGoAgent,68,20860991,yellow,AlphaGoAgent,AlphaZeroAgent,1,10,0.41688930001691915,0.4596196000202326
AlphaZeroAgent vs AlphaGoAgent,69,20860992,yellow,AlphaGoAgent,AlphaGoAgent,-1,21,0.8417790000094101,0.9247201000107452
AlphaZeroAgent vs AlphaGoAgent,70,20860993,yellow,AlphaGoAgent,AlphaGoAgent,-1,25,1.0405286000168417,1.1163203999894904
AlphaZeroAgent vs AlphaGoAgent,71,20860994,yellow,AlphaGoAgent,AlphaGoAgent,-1,21,0.8634897000301862,0.9529732999944827
AlphaZeroAgent vs AlphaGoAgent,72,20860995,yellow,AlphaGoAgent,AlphaGoAgent,-1,17,0.7194932000275003,0.7953884999878937
AlphaZeroAgent vs AlphaGoAgent,73,20860996,yellow,AlphaGoAgent,AlphaZeroAgent,1,20,0.8335965000005672,0.8749443999840878
AlphaZeroAgent vs AlphaGoAgent,74,20860997,yellow,AlphaGoAgent,AlphaZeroAgent,1,14,0.6205768999934662,0.6471478999883402
AlphaZeroAgent vs AlphaGoAgent,75,20860998,yellow,AlphaGoAgent,AlphaGoAgent,-1,15,0.6333962000207976,0.7096041000040714
AlphaZeroAgent vs AlphaGoAgent,76,20860999,yellow,AlphaGoAgent,AlphaGoAgent,-1,21,0.8801264000212541,0.9539420000219252
AlphaZeroAgent vs AlphaGoAgent,77,20861000,yellow,AlphaGoAgent,AlphaGoAgent,-1,19,0.7833004999556579,0.8571196999837412
AlphaZeroAgent vs AlphaGoAgent,78,20861001,yellow,AlphaGoAgent,AlphaZeroAgent,1,22,0.9400234000204364,0.9777143999817781
AlphaZeroAgent vs AlphaGoAgent,79,20861002,yellow,AlphaGoAgent,AlphaGoAgent,-1,23,0.9463877000234788,1.036001300002681
AlphaZeroAgent vs AlphaGoAgent,80,20861003,yellow,AlphaGoAgent,AlphaZeroAgent,1,16,0.6740455999824917,0.6959057000058237
AlphaZeroAgent vs AlphaGoAgent,81,20861004,yellow,AlphaGoAgent,AlphaGoAgent,-1,21,0.8239495000161696,0.8891098000167403
AlphaZeroAgent vs AlphaGoAgent,82,20861005,yellow,AlphaGoAgent,AlphaGoAgent,-1,19,0.8086412999837194,0.8592774999997346
AlphaZeroAgent vs AlphaGoAgent,83,20861006,yellow,AlphaGoAgent,AlphaGoAgent,-1,15,0.6440964000212261,0.7258159999910276
AlphaZeroAgent vs AlphaGoAgent,84,20861007,yellow,AlphaGoAgent,AlphaGoAgent,-1,17,0.7000113999820314,0.768341099988902
AlphaZeroAgent vs AlphaGoAgent,85,20861008,yellow,AlphaGoAgent,AlphaGoAgent,-1,23,0.9499358000030043,1.0189724000229035
AlphaZeroAgent vs AlphaGoAgent,86,20861009,yellow,AlphaGoAgent,AlphaGoAgent,-1,17,0.6845226999867009,0.7576308000279823
AlphaZeroAgent vs AlphaGoAgent,87,20861010,yellow,AlphaGoAgent,AlphaGoAgent,-1,15,0.6279503999976441,0.6868439999961993
AlphaZeroAgent vs AlphaGoAgent,88,20861011,yellow,AlphaGoAgent,AlphaGoAgent,-1,13,0.5674064000486396,0.6279823000222677
AlphaZeroAgent vs AlphaGoAgent,89,20861012,yellow,AlphaGoAgent,AlphaGoAgent,-1,19,0.8049275999801466,0.8704288999870187
AlphaZeroAgent vs AlphaGoAgent,90,20861013,yellow,AlphaGoAgent,AlphaGoAgent,-1,21,0.8623885999986669,0.9356147000216879
AlphaZeroAgent vs AlphaGoAgent,91,20861014,yellow,AlphaGoAgent,AlphaZeroAgent,1,22,0.9172383000550326,0.9431910999992397
AlphaZeroAgent vs AlphaGoAgent,92,20861015,yellow,AlphaGoAgent,draw,0,42,1.5496930999943288,1.5562318000302184
AlphaZeroAgent vs AlphaGoAgent,93,20861016,yellow,AlphaGoAgent,AlphaZeroAgent,1,14,0.6013412999891443,0.6217656999797327
AlphaZeroAgent vs AlphaGoAgent,94,20861017,yellow,AlphaGoAgent,AlphaGoAgent,-1,39,1.5669047000119463,1.658623900002567
AlphaZeroAgent vs AlphaGoAgent,95,20861018,yellow,AlphaGoAgent,AlphaGoAgent,-1,13,0.5532333000155631,0.6255548000044655
AlphaZeroAgent vs AlphaGoAgent,96,20861019,yellow,AlphaGoAgent,draw,0,42,1.625853300021845,1.663136700008181
AlphaZeroAgent vs AlphaGoAgent,97,20861020,yellow,AlphaGoAgent,AlphaGoAgent,-1,27,1.0711727000161773,1.1581907999934629
AlphaZeroAgent vs AlphaGoAgent,98,20861021,yellow,AlphaGoAgent,AlphaGoAgent,-1,25,1.0084922999958508,1.0583822000044165
AlphaZeroAgent vs AlphaGoAgent,99,20861022,yellow,AlphaGoAgent,AlphaGoAgent,-1,33,1.3470174999674782,1.41319100005785
